Internal Server Error: /shipment/consignment-note/
Traceback (most recent call last):
  File "/home/varshatr/virtualenv/tmsapplication/3.11/lib/python3.11/site-packages/django/core/handlers/exception.py", line 55, in inner
    response = get_response(request)
               ^^^^^^^^^^^^^^^^^^^^^
  File "/home/varshatr/virtualenv/tmsapplication/3.11/lib/python3.11/site-packages/django/core/handlers/base.py", line 197, in _get_response
    response = wrapped_callback(request, *callback_args, **callback_kwargs)
               ^^^^^^^^^^^^^^^^^^^^^^^^^^^^^^^^^^^^^^^^^^^^^^^^^^^^^^^^^^^^
  File "/home/varshatr/tmsapplication/main/views.py", line 1332, in generate_consignment_notes
    return render(request, template_path, context)
           ^^^^^^^^^^^^^^^^^^^^^^^^^^^^^^^^^^^^^^^
  File "/home/varshatr/virtualenv/tmsapplication/3.11/lib/python3.11/site-packages/django/shortcuts.py", line 25, in render
    content = loader.render_to_string(template_name, context, request, using=using)
              ^^^^^^^^^^^^^^^^^^^^^^^^^^^^^^^^^^^^^^^^^^^^^^^^^^^^^^^^^^^^^^^^^^^^^
  File "/home/varshatr/virtualenv/tmsapplication/3.11/lib/python3.11/site-packages/django/template/loader.py", line 61, in render_to_string
    template = get_template(template_name, using=using)
               ^^^^^^^^^^^^^^^^^^^^^^^^^^^^^^^^^^^^^^^^
  File "/home/varshatr/virtualenv/tmsapplication/3.11/lib/python3.11/site-packages/django/template/loader.py", line 15, in get_template
    return engine.get_template(template_name)
           ^^^^^^^^^^^^^^^^^^^^^^^^^^^^^^^^^^
  File "/home/varshatr/virtualenv/tmsapplication/3.11/lib/python3.11/site-packages/django/template/backends/django.py", line 79, in get_template
    return Template(self.engine.get_template(template_name), self)
                    ^^^^^^^^^^^^^^^^^^^^^^^^^^^^^^^^^^^^^^^
  File "/home/varshatr/virtualenv/tmsapplication/3.11/lib/python3.11/site-packages/django/template/engine.py", line 177, in get_template
    template, origin = self.find_template(template_name)
                       ^^^^^^^^^^^^^^^^^^^^^^^^^^^^^^^^^
  File "/home/varshatr/virtualenv/tmsapplication/3.11/lib/python3.11/site-packages/django/template/engine.py", line 159, in find_template
    template = loader.get_template(name, skip=skip)
               ^^^^^^^^^^^^^^^^^^^^^^^^^^^^^^^^^^^^
  File "/home/varshatr/virtualenv/tmsapplication/3.11/lib/python3.11/site-packages/django/template/loaders/cached.py", line 57, in get_template
    template = super().get_template(template_name, skip)
               ^^^^^^^^^^^^^^^^^^^^^^^^^^^^^^^^^^^^^^^^^
  File "/home/varshatr/virtualenv/tmsapplication/3.11/lib/python3.11/site-packages/django/template/loaders/base.py", line 28, in get_template
    return Template(
           ^^^^^^^^^
  File "/home/varshatr/virtualenv/tmsapplication/3.11/lib/python3.11/site-packages/django/template/base.py", line 154, in __init__
    self.nodelist = self.compile_nodelist()
                    ^^^^^^^^^^^^^^^^^^^^^^^
  File "/home/varshatr/virtualenv/tmsapplication/3.11/lib/python3.11/site-packages/django/template/base.py", line 196, in compile_nodelist
    nodelist = parser.parse()
               ^^^^^^^^^^^^^^
  File "/home/varshatr/virtualenv/tmsapplication/3.11/lib/python3.11/site-packages/django/template/base.py", line 518, in parse
    raise self.error(token, e)
  File "/home/varshatr/virtualenv/tmsapplication/3.11/lib/python3.11/site-packages/django/template/base.py", line 516, in parse
    compiled_result = compile_func(self, token)
                      ^^^^^^^^^^^^^^^^^^^^^^^^^
  File "/home/varshatr/virtualenv/tmsapplication/3.11/lib/python3.11/site-packages/django/template/defaulttags.py", line 862, in do_for
    nodelist_loop = parser.parse(
                    ^^^^^^^^^^^^^
  File "/home/varshatr/virtualenv/tmsapplication/3.11/lib/python3.11/site-packages/django/template/base.py", line 523, in parse
    self.unclosed_block_tag(parse_until)
  File "/home/varshatr/virtualenv/tmsapplication/3.11/lib/python3.11/site-packages/django/template/base.py", line 590, in unclosed_block_tag
    raise self.error(token, msg)
django.template.exceptions.TemplateSyntaxError: Unclosed tag on line 316: 'for'. Looking for one of: empty, endfor.
Internal Server Error: /add/
Traceback (most recent call last):
  File "/home/varshatr/virtualenv/tmsapplication/3.11/lib/python3.11/site-packages/django/core/handlers/exception.py", line 55, in inner
    response = get_response(request)
               ^^^^^^^^^^^^^^^^^^^^^
  File "/home/varshatr/virtualenv/tmsapplication/3.11/lib/python3.11/site-packages/django/core/handlers/base.py", line 197, in _get_response
    response = wrapped_callback(request, *callback_args, **callback_kwargs)
               ^^^^^^^^^^^^^^^^^^^^^^^^^^^^^^^^^^^^^^^^^^^^^^^^^^^^^^^^^^^^
  File "/home/varshatr/tmsapplication/main/views.py", line 2629, in user_add
    return render(request, 'users/user_add.html')
           ^^^^^^^^^^^^^^^^^^^^^^^^^^^^^^^^^^^^^^
  File "/home/varshatr/virtualenv/tmsapplication/3.11/lib/python3.11/site-packages/django/shortcuts.py", line 25, in render
    content = loader.render_to_string(template_name, context, request, using=using)
              ^^^^^^^^^^^^^^^^^^^^^^^^^^^^^^^^^^^^^^^^^^^^^^^^^^^^^^^^^^^^^^^^^^^^^
  File "/home/varshatr/virtualenv/tmsapplication/3.11/lib/python3.11/site-packages/django/template/loader.py", line 61, in render_to_string
    template = get_template(template_name, using=using)
               ^^^^^^^^^^^^^^^^^^^^^^^^^^^^^^^^^^^^^^^^
  File "/home/varshatr/virtualenv/tmsapplication/3.11/lib/python3.11/site-packages/django/template/loader.py", line 19, in get_template
    raise TemplateDoesNotExist(template_name, chain=chain)
django.template.exceptions.TemplateDoesNotExist: users/user_add.html
Internal Server Error: /shipment/consignment-note/
Traceback (most recent call last):
  File "/home/varshatr/virtualenv/tmsapplication/3.11/lib/python3.11/site-packages/django/core/handlers/exception.py", line 55, in inner
    response = get_response(request)
               ^^^^^^^^^^^^^^^^^^^^^
  File "/home/varshatr/virtualenv/tmsapplication/3.11/lib/python3.11/site-packages/django/core/handlers/base.py", line 197, in _get_response
    response = wrapped_callback(request, *callback_args, **callback_kwargs)
               ^^^^^^^^^^^^^^^^^^^^^^^^^^^^^^^^^^^^^^^^^^^^^^^^^^^^^^^^^^^^
  File "/home/varshatr/tmsapplication/main/views.py", line 1332, in generate_consignment_notes
    return render(request, template_path, context)
           ^^^^^^^^^^^^^^^^^^^^^^^^^^^^^^^^^^^^^^^
  File "/home/varshatr/virtualenv/tmsapplication/3.11/lib/python3.11/site-packages/django/shortcuts.py", line 25, in render
    content = loader.render_to_string(template_name, context, request, using=using)
              ^^^^^^^^^^^^^^^^^^^^^^^^^^^^^^^^^^^^^^^^^^^^^^^^^^^^^^^^^^^^^^^^^^^^^
  File "/home/varshatr/virtualenv/tmsapplication/3.11/lib/python3.11/site-packages/django/template/loader.py", line 61, in render_to_string
    template = get_template(template_name, using=using)
               ^^^^^^^^^^^^^^^^^^^^^^^^^^^^^^^^^^^^^^^^
  File "/home/varshatr/virtualenv/tmsapplication/3.11/lib/python3.11/site-packages/django/template/loader.py", line 19, in get_template
    raise TemplateDoesNotExist(template_name, chain=chain)
django.template.exceptions.TemplateDoesNotExist: consignment_notes_pdf.html
Internal Server Error: /shipment/consignment-note/
Traceback (most recent call last):
  File "/home/varshatr/virtualenv/tmsapplication/3.11/lib/python3.11/site-packages/django/core/handlers/exception.py", line 55, in inner
    response = get_response(request)
               ^^^^^^^^^^^^^^^^^^^^^
  File "/home/varshatr/virtualenv/tmsapplication/3.11/lib/python3.11/site-packages/django/core/handlers/base.py", line 197, in _get_response
    response = wrapped_callback(request, *callback_args, **callback_kwargs)
               ^^^^^^^^^^^^^^^^^^^^^^^^^^^^^^^^^^^^^^^^^^^^^^^^^^^^^^^^^^^^
  File "/home/varshatr/tmsapplication/main/views.py", line 1332, in generate_consignment_notes
    return render(request, template_path, context)
           ^^^^^^^^^^^^^^^^^^^^^^^^^^^^^^^^^^^^^^^
  File "/home/varshatr/virtualenv/tmsapplication/3.11/lib/python3.11/site-packages/django/shortcuts.py", line 25, in render
    content = loader.render_to_string(template_name, context, request, using=using)
              ^^^^^^^^^^^^^^^^^^^^^^^^^^^^^^^^^^^^^^^^^^^^^^^^^^^^^^^^^^^^^^^^^^^^^
  File "/home/varshatr/virtualenv/tmsapplication/3.11/lib/python3.11/site-packages/django/template/loader.py", line 61, in render_to_string
    template = get_template(template_name, using=using)
               ^^^^^^^^^^^^^^^^^^^^^^^^^^^^^^^^^^^^^^^^
  File "/home/varshatr/virtualenv/tmsapplication/3.11/lib/python3.11/site-packages/django/template/loader.py", line 19, in get_template
    raise TemplateDoesNotExist(template_name, chain=chain)
django.template.exceptions.TemplateDoesNotExist: consignment_notes_pdf.html
Internal Server Error: /shipment/consignment-note/
Traceback (most recent call last):
  File "/home/varshatr/virtualenv/tmsapplication/3.11/lib/python3.11/site-packages/django/core/handlers/exception.py", line 55, in inner
    response = get_response(request)
               ^^^^^^^^^^^^^^^^^^^^^
  File "/home/varshatr/virtualenv/tmsapplication/3.11/lib/python3.11/site-packages/django/core/handlers/base.py", line 197, in _get_response
    response = wrapped_callback(request, *callback_args, **callback_kwargs)
               ^^^^^^^^^^^^^^^^^^^^^^^^^^^^^^^^^^^^^^^^^^^^^^^^^^^^^^^^^^^^
  File "/home/varshatr/tmsapplication/main/views.py", line 1332, in generate_consignment_notes
    return render(request, template_path, context)
           ^^^^^^^^^^^^^^^^^^^^^^^^^^^^^^^^^^^^^^^
  File "/home/varshatr/virtualenv/tmsapplication/3.11/lib/python3.11/site-packages/django/shortcuts.py", line 25, in render
    content = loader.render_to_string(template_name, context, request, using=using)
              ^^^^^^^^^^^^^^^^^^^^^^^^^^^^^^^^^^^^^^^^^^^^^^^^^^^^^^^^^^^^^^^^^^^^^
  File "/home/varshatr/virtualenv/tmsapplication/3.11/lib/python3.11/site-packages/django/template/loader.py", line 61, in render_to_string
    template = get_template(template_name, using=using)
               ^^^^^^^^^^^^^^^^^^^^^^^^^^^^^^^^^^^^^^^^
  File "/home/varshatr/virtualenv/tmsapplication/3.11/lib/python3.11/site-packages/django/template/loader.py", line 19, in get_template
    raise TemplateDoesNotExist(template_name, chain=chain)
django.template.exceptions.TemplateDoesNotExist: consignment_notes_pdf.html
Internal Server Error: /shipment/consignment-note/
Traceback (most recent call last):
  File "/home/varshatr/virtualenv/tmsapplication/3.11/lib/python3.11/site-packages/django/core/handlers/exception.py", line 55, in inner
    response = get_response(request)
               ^^^^^^^^^^^^^^^^^^^^^
  File "/home/varshatr/virtualenv/tmsapplication/3.11/lib/python3.11/site-packages/django/core/handlers/base.py", line 197, in _get_response
    response = wrapped_callback(request, *callback_args, **callback_kwargs)
               ^^^^^^^^^^^^^^^^^^^^^^^^^^^^^^^^^^^^^^^^^^^^^^^^^^^^^^^^^^^^
  File "/home/varshatr/tmsapplication/main/views.py", line 1332, in generate_consignment_notes
    return render(request, template_path, context)
           ^^^^^^^^^^^^^^^^^^^^^^^^^^^^^^^^^^^^^^^
  File "/home/varshatr/virtualenv/tmsapplication/3.11/lib/python3.11/site-packages/django/shortcuts.py", line 25, in render
    content = loader.render_to_string(template_name, context, request, using=using)
              ^^^^^^^^^^^^^^^^^^^^^^^^^^^^^^^^^^^^^^^^^^^^^^^^^^^^^^^^^^^^^^^^^^^^^
  File "/home/varshatr/virtualenv/tmsapplication/3.11/lib/python3.11/site-packages/django/template/loader.py", line 61, in render_to_string
    template = get_template(template_name, using=using)
               ^^^^^^^^^^^^^^^^^^^^^^^^^^^^^^^^^^^^^^^^
  File "/home/varshatr/virtualenv/tmsapplication/3.11/lib/python3.11/site-packages/django/template/loader.py", line 19, in get_template
    raise TemplateDoesNotExist(template_name, chain=chain)
django.template.exceptions.TemplateDoesNotExist: consignment_notes_pdf.html
Internal Server Error: /shipment/consignment-note/
Traceback (most recent call last):
  File "/home/varshatr/virtualenv/tmsapplication/3.11/lib/python3.11/site-packages/django/core/handlers/exception.py", line 55, in inner
    response = get_response(request)
               ^^^^^^^^^^^^^^^^^^^^^
  File "/home/varshatr/virtualenv/tmsapplication/3.11/lib/python3.11/site-packages/django/core/handlers/base.py", line 197, in _get_response
    response = wrapped_callback(request, *callback_args, **callback_kwargs)
               ^^^^^^^^^^^^^^^^^^^^^^^^^^^^^^^^^^^^^^^^^^^^^^^^^^^^^^^^^^^^
  File "/home/varshatr/tmsapplication/main/views.py", line 1332, in generate_consignment_notes
    return render(request, template_path, context)
           ^^^^^^^^^^^^^^^^^^^^^^^^^^^^^^^^^^^^^^^
  File "/home/varshatr/virtualenv/tmsapplication/3.11/lib/python3.11/site-packages/django/shortcuts.py", line 25, in render
    content = loader.render_to_string(template_name, context, request, using=using)
              ^^^^^^^^^^^^^^^^^^^^^^^^^^^^^^^^^^^^^^^^^^^^^^^^^^^^^^^^^^^^^^^^^^^^^
  File "/home/varshatr/virtualenv/tmsapplication/3.11/lib/python3.11/site-packages/django/template/loader.py", line 61, in render_to_string
    template = get_template(template_name, using=using)
               ^^^^^^^^^^^^^^^^^^^^^^^^^^^^^^^^^^^^^^^^
  File "/home/varshatr/virtualenv/tmsapplication/3.11/lib/python3.11/site-packages/django/template/loader.py", line 19, in get_template
    raise TemplateDoesNotExist(template_name, chain=chain)
django.template.exceptions.TemplateDoesNotExist: consignment_notes_pdf.html
Internal Server Error: /shipment/bulk-upload/
Traceback (most recent call last):
  File "/home/varshatr/virtualenv/tmsapplication/3.11/lib/python3.11/site-packages/django/contrib/sessions/backends/base.py", line 244, in _get_session
    return self._session_cache
           ^^^^^^^^^^^^^^^^^^^
AttributeError: 'SessionStore' object has no attribute '_session_cache'

During handling of the above exception, another exception occurred:

Traceback (most recent call last):
  File "/home/varshatr/virtualenv/tmsapplication/3.11/lib/python3.11/site-packages/django/db/backends/base/base.py", line 279, in ensure_connection
    self.connect()
  File "/home/varshatr/virtualenv/tmsapplication/3.11/lib/python3.11/site-packages/django/utils/asyncio.py", line 26, in inner
    return func(*args, **kwargs)
           ^^^^^^^^^^^^^^^^^^^^^
  File "/home/varshatr/virtualenv/tmsapplication/3.11/lib/python3.11/site-packages/django/db/backends/base/base.py", line 256, in connect
    self.connection = self.get_new_connection(conn_params)
                      ^^^^^^^^^^^^^^^^^^^^^^^^^^^^^^^^^^^^
  File "/home/varshatr/virtualenv/tmsapplication/3.11/lib/python3.11/site-packages/django/utils/asyncio.py", line 26, in inner
    return func(*args, **kwargs)
           ^^^^^^^^^^^^^^^^^^^^^
  File "/home/varshatr/virtualenv/tmsapplication/3.11/lib/python3.11/site-packages/django/db/backends/mysql/base.py", line 256, in get_new_connection
    connection = Database.connect(**conn_params)
                 ^^^^^^^^^^^^^^^^^^^^^^^^^^^^^^^
  File "/home/varshatr/virtualenv/tmsapplication/3.11/lib/python3.11/site-packages/pymysql/connections.py", line 365, in __init__
    self.connect()
  File "/home/varshatr/virtualenv/tmsapplication/3.11/lib/python3.11/site-packages/pymysql/connections.py", line 681, in connect
    self._request_authentication()
  File "/home/varshatr/virtualenv/tmsapplication/3.11/lib/python3.11/site-packages/pymysql/connections.py", line 958, in _request_authentication
    auth_packet = self._read_packet()
                  ^^^^^^^^^^^^^^^^^^^
  File "/home/varshatr/virtualenv/tmsapplication/3.11/lib/python3.11/site-packages/pymysql/connections.py", line 782, in _read_packet
    packet.raise_for_error()
  File "/home/varshatr/virtualenv/tmsapplication/3.11/lib/python3.11/site-packages/pymysql/protocol.py", line 219, in raise_for_error
    err.raise_mysql_exception(self._data)
  File "/home/varshatr/virtualenv/tmsapplication/3.11/lib/python3.11/site-packages/pymysql/err.py", line 150, in raise_mysql_exception
    raise errorclass(errno, errval)
pymysql.err.OperationalError: (1045, "Access denied for user 'varshatr_admin'@'127.0.0.1' (using password: YES)")

The above exception was the direct cause of the following exception:

Traceback (most recent call last):
  File "/home/varshatr/virtualenv/tmsapplication/3.11/lib/python3.11/site-packages/django/core/handlers/exception.py", line 55, in inner
    response = get_response(request)
               ^^^^^^^^^^^^^^^^^^^^^
  File "/home/varshatr/virtualenv/tmsapplication/3.11/lib/python3.11/site-packages/django/core/handlers/base.py", line 197, in _get_response
    response = wrapped_callback(request, *callback_args, **callback_kwargs)
               ^^^^^^^^^^^^^^^^^^^^^^^^^^^^^^^^^^^^^^^^^^^^^^^^^^^^^^^^^^^^
  File "/home/varshatr/tmsapplication/main/views.py", line 1214, in shipment_bulk_upload
    return render(request, 'shipment_bulk_upload.html', {'pagename': 'Bulk Upload'})
           ^^^^^^^^^^^^^^^^^^^^^^^^^^^^^^^^^^^^^^^^^^^^^^^^^^^^^^^^^^^^^^^^^^^^^^^^^
  File "/home/varshatr/virtualenv/tmsapplication/3.11/lib/python3.11/site-packages/django/shortcuts.py", line 25, in render
    content = loader.render_to_string(template_name, context, request, using=using)
              ^^^^^^^^^^^^^^^^^^^^^^^^^^^^^^^^^^^^^^^^^^^^^^^^^^^^^^^^^^^^^^^^^^^^^
  File "/home/varshatr/virtualenv/tmsapplication/3.11/lib/python3.11/site-packages/django/template/loader.py", line 62, in render_to_string
    return template.render(context, request)
           ^^^^^^^^^^^^^^^^^^^^^^^^^^^^^^^^^
  File "/home/varshatr/virtualenv/tmsapplication/3.11/lib/python3.11/site-packages/django/template/backends/django.py", line 107, in render
    return self.template.render(context)
           ^^^^^^^^^^^^^^^^^^^^^^^^^^^^^
  File "/home/varshatr/virtualenv/tmsapplication/3.11/lib/python3.11/site-packages/django/template/base.py", line 171, in render
    return self._render(context)
           ^^^^^^^^^^^^^^^^^^^^^
  File "/home/varshatr/virtualenv/tmsapplication/3.11/lib/python3.11/site-packages/django/template/base.py", line 163, in _render
    return self.nodelist.render(context)
           ^^^^^^^^^^^^^^^^^^^^^^^^^^^^^
  File "/home/varshatr/virtualenv/tmsapplication/3.11/lib/python3.11/site-packages/django/template/base.py", line 1016, in render
    return SafeString("".join([node.render_annotated(context) for node in self]))
                              ^^^^^^^^^^^^^^^^^^^^^^^^^^^^^^^^^^^^^^^^^^^^^^^^^
  File "/home/varshatr/virtualenv/tmsapplication/3.11/lib/python3.11/site-packages/django/template/base.py", line 1016, in <listcomp>
    return SafeString("".join([node.render_annotated(context) for node in self]))
                               ^^^^^^^^^^^^^^^^^^^^^^^^^^^^^^
  File "/home/varshatr/virtualenv/tmsapplication/3.11/lib/python3.11/site-packages/django/template/base.py", line 977, in render_annotated
    return self.render(context)
           ^^^^^^^^^^^^^^^^^^^^
  File "/home/varshatr/virtualenv/tmsapplication/3.11/lib/python3.11/site-packages/django/template/loader_tags.py", line 159, in render
    return compiled_parent._render(context)
           ^^^^^^^^^^^^^^^^^^^^^^^^^^^^^^^^
  File "/home/varshatr/virtualenv/tmsapplication/3.11/lib/python3.11/site-packages/django/template/base.py", line 163, in _render
    return self.nodelist.render(context)
           ^^^^^^^^^^^^^^^^^^^^^^^^^^^^^
  File "/home/varshatr/virtualenv/tmsapplication/3.11/lib/python3.11/site-packages/django/template/base.py", line 1016, in render
    return SafeString("".join([node.render_annotated(context) for node in self]))
                              ^^^^^^^^^^^^^^^^^^^^^^^^^^^^^^^^^^^^^^^^^^^^^^^^^
  File "/home/varshatr/virtualenv/tmsapplication/3.11/lib/python3.11/site-packages/django/template/base.py", line 1016, in <listcomp>
    return SafeString("".join([node.render_annotated(context) for node in self]))
                               ^^^^^^^^^^^^^^^^^^^^^^^^^^^^^^
  File "/home/varshatr/virtualenv/tmsapplication/3.11/lib/python3.11/site-packages/django/template/base.py", line 977, in render_annotated
    return self.render(context)
           ^^^^^^^^^^^^^^^^^^^^
  File "/home/varshatr/virtualenv/tmsapplication/3.11/lib/python3.11/site-packages/django/template/defaulttags.py", line 320, in render
    match = condition.eval(context)
            ^^^^^^^^^^^^^^^^^^^^^^^
  File "/home/varshatr/virtualenv/tmsapplication/3.11/lib/python3.11/site-packages/django/template/defaulttags.py", line 886, in eval
    return self.value.resolve(context, ignore_failures=True)
           ^^^^^^^^^^^^^^^^^^^^^^^^^^^^^^^^^^^^^^^^^^^^^^^^^
  File "/home/varshatr/virtualenv/tmsapplication/3.11/lib/python3.11/site-packages/django/template/base.py", line 722, in resolve
    obj = self.var.resolve(context)
          ^^^^^^^^^^^^^^^^^^^^^^^^^
  File "/home/varshatr/virtualenv/tmsapplication/3.11/lib/python3.11/site-packages/django/template/base.py", line 854, in resolve
    value = self._resolve_lookup(context)
            ^^^^^^^^^^^^^^^^^^^^^^^^^^^^^
  File "/home/varshatr/virtualenv/tmsapplication/3.11/lib/python3.11/site-packages/django/template/base.py", line 891, in _resolve_lookup
    current = current[bit]
              ~~~~~~~^^^^^
  File "/home/varshatr/virtualenv/tmsapplication/3.11/lib/python3.11/site-packages/django/utils/functional.py", line 251, in inner
    self._setup()
  File "/home/varshatr/virtualenv/tmsapplication/3.11/lib/python3.11/site-packages/django/utils/functional.py", line 404, in _setup
    self._wrapped = self._setupfunc()
                    ^^^^^^^^^^^^^^^^^
  File "/home/varshatr/virtualenv/tmsapplication/3.11/lib/python3.11/site-packages/django/contrib/auth/middleware.py", line 39, in <lambda>
    request.user = SimpleLazyObject(lambda: get_user(request))
                                            ^^^^^^^^^^^^^^^^^
  File "/home/varshatr/virtualenv/tmsapplication/3.11/lib/python3.11/site-packages/django/contrib/auth/middleware.py", line 19, in get_user
    request._cached_user = auth.get_user(request)
                           ^^^^^^^^^^^^^^^^^^^^^^
  File "/home/varshatr/virtualenv/tmsapplication/3.11/lib/python3.11/site-packages/django/contrib/auth/__init__.py", line 304, in get_user
    user_id = _get_user_session_key(request)
              ^^^^^^^^^^^^^^^^^^^^^^^^^^^^^^
  File "/home/varshatr/virtualenv/tmsapplication/3.11/lib/python3.11/site-packages/django/contrib/auth/__init__.py", line 95, in _get_user_session_key
    return get_user_model()._meta.pk.to_python(request.session[SESSION_KEY])
                                               ~~~~~~~~~~~~~~~^^^^^^^^^^^^^
  File "/home/varshatr/virtualenv/tmsapplication/3.11/lib/python3.11/site-packages/django/contrib/sessions/backends/base.py", line 55, in __getitem__
    return self._session[key]
           ^^^^^^^^^^^^^
  File "/home/varshatr/virtualenv/tmsapplication/3.11/lib/python3.11/site-packages/django/contrib/sessions/backends/base.py", line 249, in _get_session
    self._session_cache = self.load()
                          ^^^^^^^^^^^
  File "/home/varshatr/virtualenv/tmsapplication/3.11/lib/python3.11/site-packages/django/contrib/sessions/backends/db.py", line 55, in load
    s = self._get_session_from_db()
        ^^^^^^^^^^^^^^^^^^^^^^^^^^^
  File "/home/varshatr/virtualenv/tmsapplication/3.11/lib/python3.11/site-packages/django/contrib/sessions/backends/db.py", line 34, in _get_session_from_db
    return self.model.objects.get(
           ^^^^^^^^^^^^^^^^^^^^^^^
  File "/home/varshatr/virtualenv/tmsapplication/3.11/lib/python3.11/site-packages/django/db/models/manager.py", line 87, in manager_method
    return getattr(self.get_queryset(), name)(*args, **kwargs)
           ^^^^^^^^^^^^^^^^^^^^^^^^^^^^^^^^^^^^^^^^^^^^^^^^^^^
  File "/home/varshatr/virtualenv/tmsapplication/3.11/lib/python3.11/site-packages/django/db/models/query.py", line 629, in get
    num = len(clone)
          ^^^^^^^^^^
  File "/home/varshatr/virtualenv/tmsapplication/3.11/lib/python3.11/site-packages/django/db/models/query.py", line 366, in __len__
    self._fetch_all()
  File "/home/varshatr/virtualenv/tmsapplication/3.11/lib/python3.11/site-packages/django/db/models/query.py", line 1945, in _fetch_all
    self._result_cache = list(self._iterable_class(self))
                         ^^^^^^^^^^^^^^^^^^^^^^^^^^^^^^^^
  File "/home/varshatr/virtualenv/tmsapplication/3.11/lib/python3.11/site-packages/django/db/models/query.py", line 91, in __iter__
    results = compiler.execute_sql(
              ^^^^^^^^^^^^^^^^^^^^^
  File "/home/varshatr/virtualenv/tmsapplication/3.11/lib/python3.11/site-packages/django/db/models/sql/compiler.py", line 1621, in execute_sql
    cursor = self.connection.cursor()
             ^^^^^^^^^^^^^^^^^^^^^^^^
  File "/home/varshatr/virtualenv/tmsapplication/3.11/lib/python3.11/site-packages/django/utils/asyncio.py", line 26, in inner
    return func(*args, **kwargs)
           ^^^^^^^^^^^^^^^^^^^^^
  File "/home/varshatr/virtualenv/tmsapplication/3.11/lib/python3.11/site-packages/django/db/backends/base/base.py", line 320, in cursor
    return self._cursor()
           ^^^^^^^^^^^^^^
  File "/home/varshatr/virtualenv/tmsapplication/3.11/lib/python3.11/site-packages/django/db/backends/base/base.py", line 296, in _cursor
    self.ensure_connection()
  File "/home/varshatr/virtualenv/tmsapplication/3.11/lib/python3.11/site-packages/django/utils/asyncio.py", line 26, in inner
    return func(*args, **kwargs)
           ^^^^^^^^^^^^^^^^^^^^^
  File "/home/varshatr/virtualenv/tmsapplication/3.11/lib/python3.11/site-packages/django/db/backends/base/base.py", line 278, in ensure_connection
    with self.wrap_database_errors:
  File "/home/varshatr/virtualenv/tmsapplication/3.11/lib/python3.11/site-packages/django/db/utils.py", line 91, in __exit__
    raise dj_exc_value.with_traceback(traceback) from exc_value
  File "/home/varshatr/virtualenv/tmsapplication/3.11/lib/python3.11/site-packages/django/db/backends/base/base.py", line 279, in ensure_connection
    self.connect()
  File "/home/varshatr/virtualenv/tmsapplication/3.11/lib/python3.11/site-packages/django/utils/asyncio.py", line 26, in inner
    return func(*args, **kwargs)
           ^^^^^^^^^^^^^^^^^^^^^
  File "/home/varshatr/virtualenv/tmsapplication/3.11/lib/python3.11/site-packages/django/db/backends/base/base.py", line 256, in connect
    self.connection = self.get_new_connection(conn_params)
                      ^^^^^^^^^^^^^^^^^^^^^^^^^^^^^^^^^^^^
  File "/home/varshatr/virtualenv/tmsapplication/3.11/lib/python3.11/site-packages/django/utils/asyncio.py", line 26, in inner
    return func(*args, **kwargs)
           ^^^^^^^^^^^^^^^^^^^^^
  File "/home/varshatr/virtualenv/tmsapplication/3.11/lib/python3.11/site-packages/django/db/backends/mysql/base.py", line 256, in get_new_connection
    connection = Database.connect(**conn_params)
                 ^^^^^^^^^^^^^^^^^^^^^^^^^^^^^^^
  File "/home/varshatr/virtualenv/tmsapplication/3.11/lib/python3.11/site-packages/pymysql/connections.py", line 365, in __init__
    self.connect()
  File "/home/varshatr/virtualenv/tmsapplication/3.11/lib/python3.11/site-packages/pymysql/connections.py", line 681, in connect
    self._request_authentication()
  File "/home/varshatr/virtualenv/tmsapplication/3.11/lib/python3.11/site-packages/pymysql/connections.py", line 958, in _request_authentication
    auth_packet = self._read_packet()
                  ^^^^^^^^^^^^^^^^^^^
  File "/home/varshatr/virtualenv/tmsapplication/3.11/lib/python3.11/site-packages/pymysql/connections.py", line 782, in _read_packet
    packet.raise_for_error()
  File "/home/varshatr/virtualenv/tmsapplication/3.11/lib/python3.11/site-packages/pymysql/protocol.py", line 219, in raise_for_error
    err.raise_mysql_exception(self._data)
  File "/home/varshatr/virtualenv/tmsapplication/3.11/lib/python3.11/site-packages/pymysql/err.py", line 150, in raise_mysql_exception
    raise errorclass(errno, errval)
django.db.utils.OperationalError: (1045, "Access denied for user 'varshatr_admin'@'127.0.0.1' (using password: YES)")
Internal Server Error: /public_tracking_status/
Traceback (most recent call last):
  File "/home/varshatr/virtualenv/tmsapplication/3.11/lib/python3.11/site-packages/django/db/backends/base/base.py", line 279, in ensure_connection
    self.connect()
  File "/home/varshatr/virtualenv/tmsapplication/3.11/lib/python3.11/site-packages/django/utils/asyncio.py", line 26, in inner
    return func(*args, **kwargs)
           ^^^^^^^^^^^^^^^^^^^^^
  File "/home/varshatr/virtualenv/tmsapplication/3.11/lib/python3.11/site-packages/django/db/backends/base/base.py", line 256, in connect
    self.connection = self.get_new_connection(conn_params)
                      ^^^^^^^^^^^^^^^^^^^^^^^^^^^^^^^^^^^^
  File "/home/varshatr/virtualenv/tmsapplication/3.11/lib/python3.11/site-packages/django/utils/asyncio.py", line 26, in inner
    return func(*args, **kwargs)
           ^^^^^^^^^^^^^^^^^^^^^
  File "/home/varshatr/virtualenv/tmsapplication/3.11/lib/python3.11/site-packages/django/db/backends/mysql/base.py", line 256, in get_new_connection
    connection = Database.connect(**conn_params)
                 ^^^^^^^^^^^^^^^^^^^^^^^^^^^^^^^
  File "/home/varshatr/virtualenv/tmsapplication/3.11/lib/python3.11/site-packages/pymysql/connections.py", line 365, in __init__
    self.connect()
  File "/home/varshatr/virtualenv/tmsapplication/3.11/lib/python3.11/site-packages/pymysql/connections.py", line 681, in connect
    self._request_authentication()
  File "/home/varshatr/virtualenv/tmsapplication/3.11/lib/python3.11/site-packages/pymysql/connections.py", line 958, in _request_authentication
    auth_packet = self._read_packet()
                  ^^^^^^^^^^^^^^^^^^^
  File "/home/varshatr/virtualenv/tmsapplication/3.11/lib/python3.11/site-packages/pymysql/connections.py", line 782, in _read_packet
    packet.raise_for_error()
  File "/home/varshatr/virtualenv/tmsapplication/3.11/lib/python3.11/site-packages/pymysql/protocol.py", line 219, in raise_for_error
    err.raise_mysql_exception(self._data)
  File "/home/varshatr/virtualenv/tmsapplication/3.11/lib/python3.11/site-packages/pymysql/err.py", line 150, in raise_mysql_exception
    raise errorclass(errno, errval)
pymysql.err.OperationalError: (1045, "Access denied for user 'varshatr_admin'@'127.0.0.1' (using password: YES)")

The above exception was the direct cause of the following exception:

Traceback (most recent call last):
  File "/home/varshatr/virtualenv/tmsapplication/3.11/lib/python3.11/site-packages/django/core/handlers/exception.py", line 55, in inner
    response = get_response(request)
               ^^^^^^^^^^^^^^^^^^^^^
  File "/home/varshatr/virtualenv/tmsapplication/3.11/lib/python3.11/site-packages/django/core/handlers/base.py", line 197, in _get_response
    response = wrapped_callback(request, *callback_args, **callback_kwargs)
               ^^^^^^^^^^^^^^^^^^^^^^^^^^^^^^^^^^^^^^^^^^^^^^^^^^^^^^^^^^^^
  File "/home/varshatr/tmsapplication/main/views.py", line 1518, in public_tracking_status
    for shipment in shipments:
  File "/home/varshatr/virtualenv/tmsapplication/3.11/lib/python3.11/site-packages/django/db/models/query.py", line 384, in __iter__
    self._fetch_all()
  File "/home/varshatr/virtualenv/tmsapplication/3.11/lib/python3.11/site-packages/django/db/models/query.py", line 1945, in _fetch_all
    self._result_cache = list(self._iterable_class(self))
                         ^^^^^^^^^^^^^^^^^^^^^^^^^^^^^^^^
  File "/home/varshatr/virtualenv/tmsapplication/3.11/lib/python3.11/site-packages/django/db/models/query.py", line 91, in __iter__
    results = compiler.execute_sql(
              ^^^^^^^^^^^^^^^^^^^^^
  File "/home/varshatr/virtualenv/tmsapplication/3.11/lib/python3.11/site-packages/django/db/models/sql/compiler.py", line 1621, in execute_sql
    cursor = self.connection.cursor()
             ^^^^^^^^^^^^^^^^^^^^^^^^
  File "/home/varshatr/virtualenv/tmsapplication/3.11/lib/python3.11/site-packages/django/utils/asyncio.py", line 26, in inner
    return func(*args, **kwargs)
           ^^^^^^^^^^^^^^^^^^^^^
  File "/home/varshatr/virtualenv/tmsapplication/3.11/lib/python3.11/site-packages/django/db/backends/base/base.py", line 320, in cursor
    return self._cursor()
           ^^^^^^^^^^^^^^
  File "/home/varshatr/virtualenv/tmsapplication/3.11/lib/python3.11/site-packages/django/db/backends/base/base.py", line 296, in _cursor
    self.ensure_connection()
  File "/home/varshatr/virtualenv/tmsapplication/3.11/lib/python3.11/site-packages/django/utils/asyncio.py", line 26, in inner
    return func(*args, **kwargs)
           ^^^^^^^^^^^^^^^^^^^^^
  File "/home/varshatr/virtualenv/tmsapplication/3.11/lib/python3.11/site-packages/django/db/backends/base/base.py", line 278, in ensure_connection
    with self.wrap_database_errors:
  File "/home/varshatr/virtualenv/tmsapplication/3.11/lib/python3.11/site-packages/django/db/utils.py", line 91, in __exit__
    raise dj_exc_value.with_traceback(traceback) from exc_value
  File "/home/varshatr/virtualenv/tmsapplication/3.11/lib/python3.11/site-packages/django/db/backends/base/base.py", line 279, in ensure_connection
    self.connect()
  File "/home/varshatr/virtualenv/tmsapplication/3.11/lib/python3.11/site-packages/django/utils/asyncio.py", line 26, in inner
    return func(*args, **kwargs)
           ^^^^^^^^^^^^^^^^^^^^^
  File "/home/varshatr/virtualenv/tmsapplication/3.11/lib/python3.11/site-packages/django/db/backends/base/base.py", line 256, in connect
    self.connection = self.get_new_connection(conn_params)
                      ^^^^^^^^^^^^^^^^^^^^^^^^^^^^^^^^^^^^
  File "/home/varshatr/virtualenv/tmsapplication/3.11/lib/python3.11/site-packages/django/utils/asyncio.py", line 26, in inner
    return func(*args, **kwargs)
           ^^^^^^^^^^^^^^^^^^^^^
  File "/home/varshatr/virtualenv/tmsapplication/3.11/lib/python3.11/site-packages/django/db/backends/mysql/base.py", line 256, in get_new_connection
    connection = Database.connect(**conn_params)
                 ^^^^^^^^^^^^^^^^^^^^^^^^^^^^^^^
  File "/home/varshatr/virtualenv/tmsapplication/3.11/lib/python3.11/site-packages/pymysql/connections.py", line 365, in __init__
    self.connect()
  File "/home/varshatr/virtualenv/tmsapplication/3.11/lib/python3.11/site-packages/pymysql/connections.py", line 681, in connect
    self._request_authentication()
  File "/home/varshatr/virtualenv/tmsapplication/3.11/lib/python3.11/site-packages/pymysql/connections.py", line 958, in _request_authentication
    auth_packet = self._read_packet()
                  ^^^^^^^^^^^^^^^^^^^
  File "/home/varshatr/virtualenv/tmsapplication/3.11/lib/python3.11/site-packages/pymysql/connections.py", line 782, in _read_packet
    packet.raise_for_error()
  File "/home/varshatr/virtualenv/tmsapplication/3.11/lib/python3.11/site-packages/pymysql/protocol.py", line 219, in raise_for_error
    err.raise_mysql_exception(self._data)
  File "/home/varshatr/virtualenv/tmsapplication/3.11/lib/python3.11/site-packages/pymysql/err.py", line 150, in raise_mysql_exception
    raise errorclass(errno, errval)
django.db.utils.OperationalError: (1045, "Access denied for user 'varshatr_admin'@'127.0.0.1' (using password: YES)")
Internal Server Error: /login/
Traceback (most recent call last):
  File "/home/varshatr/virtualenv/tmsapplication/3.11/lib/python3.11/site-packages/django/db/backends/base/base.py", line 279, in ensure_connection
    self.connect()
  File "/home/varshatr/virtualenv/tmsapplication/3.11/lib/python3.11/site-packages/django/utils/asyncio.py", line 26, in inner
    return func(*args, **kwargs)
           ^^^^^^^^^^^^^^^^^^^^^
  File "/home/varshatr/virtualenv/tmsapplication/3.11/lib/python3.11/site-packages/django/db/backends/base/base.py", line 256, in connect
    self.connection = self.get_new_connection(conn_params)
                      ^^^^^^^^^^^^^^^^^^^^^^^^^^^^^^^^^^^^
  File "/home/varshatr/virtualenv/tmsapplication/3.11/lib/python3.11/site-packages/django/utils/asyncio.py", line 26, in inner
    return func(*args, **kwargs)
           ^^^^^^^^^^^^^^^^^^^^^
  File "/home/varshatr/virtualenv/tmsapplication/3.11/lib/python3.11/site-packages/django/db/backends/mysql/base.py", line 256, in get_new_connection
    connection = Database.connect(**conn_params)
                 ^^^^^^^^^^^^^^^^^^^^^^^^^^^^^^^
  File "/home/varshatr/virtualenv/tmsapplication/3.11/lib/python3.11/site-packages/pymysql/connections.py", line 365, in __init__
    self.connect()
  File "/home/varshatr/virtualenv/tmsapplication/3.11/lib/python3.11/site-packages/pymysql/connections.py", line 681, in connect
    self._request_authentication()
  File "/home/varshatr/virtualenv/tmsapplication/3.11/lib/python3.11/site-packages/pymysql/connections.py", line 958, in _request_authentication
    auth_packet = self._read_packet()
                  ^^^^^^^^^^^^^^^^^^^
  File "/home/varshatr/virtualenv/tmsapplication/3.11/lib/python3.11/site-packages/pymysql/connections.py", line 782, in _read_packet
    packet.raise_for_error()
  File "/home/varshatr/virtualenv/tmsapplication/3.11/lib/python3.11/site-packages/pymysql/protocol.py", line 219, in raise_for_error
    err.raise_mysql_exception(self._data)
  File "/home/varshatr/virtualenv/tmsapplication/3.11/lib/python3.11/site-packages/pymysql/err.py", line 150, in raise_mysql_exception
    raise errorclass(errno, errval)
pymysql.err.OperationalError: (1045, "Access denied for user 'varshatr_admin'@'127.0.0.1' (using password: YES)")

The above exception was the direct cause of the following exception:

Traceback (most recent call last):
  File "/home/varshatr/virtualenv/tmsapplication/3.11/lib/python3.11/site-packages/django/core/handlers/exception.py", line 55, in inner
    response = get_response(request)
               ^^^^^^^^^^^^^^^^^^^^^
  File "/home/varshatr/virtualenv/tmsapplication/3.11/lib/python3.11/site-packages/django/core/handlers/base.py", line 197, in _get_response
    response = wrapped_callback(request, *callback_args, **callback_kwargs)
               ^^^^^^^^^^^^^^^^^^^^^^^^^^^^^^^^^^^^^^^^^^^^^^^^^^^^^^^^^^^^
  File "/home/varshatr/tmsapplication/main/views.py", line 190, in user_login
    user = authenticate(request, username=username, password=password)
           ^^^^^^^^^^^^^^^^^^^^^^^^^^^^^^^^^^^^^^^^^^^^^^^^^^^^^^^^^^^
  File "/home/varshatr/virtualenv/tmsapplication/3.11/lib/python3.11/site-packages/django/views/decorators/debug.py", line 75, in sensitive_variables_wrapper
    return func(*func_args, **func_kwargs)
           ^^^^^^^^^^^^^^^^^^^^^^^^^^^^^^^
  File "/home/varshatr/virtualenv/tmsapplication/3.11/lib/python3.11/site-packages/django/contrib/auth/__init__.py", line 114, in authenticate
    user = backend.authenticate(request, **credentials)
           ^^^^^^^^^^^^^^^^^^^^^^^^^^^^^^^^^^^^^^^^^^^^
  File "/home/varshatr/virtualenv/tmsapplication/3.11/lib/python3.11/site-packages/django/contrib/auth/backends.py", line 65, in authenticate
    user = UserModel._default_manager.get_by_natural_key(username)
           ^^^^^^^^^^^^^^^^^^^^^^^^^^^^^^^^^^^^^^^^^^^^^^^^^^^^^^^
  File "/home/varshatr/virtualenv/tmsapplication/3.11/lib/python3.11/site-packages/django/contrib/auth/base_user.py", line 37, in get_by_natural_key
    return self.get(**{self.model.USERNAME_FIELD: username})
           ^^^^^^^^^^^^^^^^^^^^^^^^^^^^^^^^^^^^^^^^^^^^^^^^^
  File "/home/varshatr/virtualenv/tmsapplication/3.11/lib/python3.11/site-packages/django/db/models/manager.py", line 87, in manager_method
    return getattr(self.get_queryset(), name)(*args, **kwargs)
           ^^^^^^^^^^^^^^^^^^^^^^^^^^^^^^^^^^^^^^^^^^^^^^^^^^^
  File "/home/varshatr/virtualenv/tmsapplication/3.11/lib/python3.11/site-packages/django/db/models/query.py", line 629, in get
    num = len(clone)
          ^^^^^^^^^^
  File "/home/varshatr/virtualenv/tmsapplication/3.11/lib/python3.11/site-packages/django/db/models/query.py", line 366, in __len__
    self._fetch_all()
  File "/home/varshatr/virtualenv/tmsapplication/3.11/lib/python3.11/site-packages/django/db/models/query.py", line 1945, in _fetch_all
    self._result_cache = list(self._iterable_class(self))
                         ^^^^^^^^^^^^^^^^^^^^^^^^^^^^^^^^
  File "/home/varshatr/virtualenv/tmsapplication/3.11/lib/python3.11/site-packages/django/db/models/query.py", line 91, in __iter__
    results = compiler.execute_sql(
              ^^^^^^^^^^^^^^^^^^^^^
  File "/home/varshatr/virtualenv/tmsapplication/3.11/lib/python3.11/site-packages/django/db/models/sql/compiler.py", line 1621, in execute_sql
    cursor = self.connection.cursor()
             ^^^^^^^^^^^^^^^^^^^^^^^^
  File "/home/varshatr/virtualenv/tmsapplication/3.11/lib/python3.11/site-packages/django/utils/asyncio.py", line 26, in inner
    return func(*args, **kwargs)
           ^^^^^^^^^^^^^^^^^^^^^
  File "/home/varshatr/virtualenv/tmsapplication/3.11/lib/python3.11/site-packages/django/db/backends/base/base.py", line 320, in cursor
    return self._cursor()
           ^^^^^^^^^^^^^^
  File "/home/varshatr/virtualenv/tmsapplication/3.11/lib/python3.11/site-packages/django/db/backends/base/base.py", line 296, in _cursor
    self.ensure_connection()
  File "/home/varshatr/virtualenv/tmsapplication/3.11/lib/python3.11/site-packages/django/utils/asyncio.py", line 26, in inner
    return func(*args, **kwargs)
           ^^^^^^^^^^^^^^^^^^^^^
  File "/home/varshatr/virtualenv/tmsapplication/3.11/lib/python3.11/site-packages/django/db/backends/base/base.py", line 278, in ensure_connection
    with self.wrap_database_errors:
  File "/home/varshatr/virtualenv/tmsapplication/3.11/lib/python3.11/site-packages/django/db/utils.py", line 91, in __exit__
    raise dj_exc_value.with_traceback(traceback) from exc_value
  File "/home/varshatr/virtualenv/tmsapplication/3.11/lib/python3.11/site-packages/django/db/backends/base/base.py", line 279, in ensure_connection
    self.connect()
  File "/home/varshatr/virtualenv/tmsapplication/3.11/lib/python3.11/site-packages/django/utils/asyncio.py", line 26, in inner
    return func(*args, **kwargs)
           ^^^^^^^^^^^^^^^^^^^^^
  File "/home/varshatr/virtualenv/tmsapplication/3.11/lib/python3.11/site-packages/django/db/backends/base/base.py", line 256, in connect
    self.connection = self.get_new_connection(conn_params)
                      ^^^^^^^^^^^^^^^^^^^^^^^^^^^^^^^^^^^^
  File "/home/varshatr/virtualenv/tmsapplication/3.11/lib/python3.11/site-packages/django/utils/asyncio.py", line 26, in inner
    return func(*args, **kwargs)
           ^^^^^^^^^^^^^^^^^^^^^
  File "/home/varshatr/virtualenv/tmsapplication/3.11/lib/python3.11/site-packages/django/db/backends/mysql/base.py", line 256, in get_new_connection
    connection = Database.connect(**conn_params)
                 ^^^^^^^^^^^^^^^^^^^^^^^^^^^^^^^
  File "/home/varshatr/virtualenv/tmsapplication/3.11/lib/python3.11/site-packages/pymysql/connections.py", line 365, in __init__
    self.connect()
  File "/home/varshatr/virtualenv/tmsapplication/3.11/lib/python3.11/site-packages/pymysql/connections.py", line 681, in connect
    self._request_authentication()
  File "/home/varshatr/virtualenv/tmsapplication/3.11/lib/python3.11/site-packages/pymysql/connections.py", line 958, in _request_authentication
    auth_packet = self._read_packet()
                  ^^^^^^^^^^^^^^^^^^^
  File "/home/varshatr/virtualenv/tmsapplication/3.11/lib/python3.11/site-packages/pymysql/connections.py", line 782, in _read_packet
    packet.raise_for_error()
  File "/home/varshatr/virtualenv/tmsapplication/3.11/lib/python3.11/site-packages/pymysql/protocol.py", line 219, in raise_for_error
    err.raise_mysql_exception(self._data)
  File "/home/varshatr/virtualenv/tmsapplication/3.11/lib/python3.11/site-packages/pymysql/err.py", line 150, in raise_mysql_exception
    raise errorclass(errno, errval)
django.db.utils.OperationalError: (1045, "Access denied for user 'varshatr_admin'@'127.0.0.1' (using password: YES)")
Internal Server Error: /login/
Traceback (most recent call last):
  File "/home/varshatr/virtualenv/tmsapplication/3.11/lib/python3.11/site-packages/django/db/backends/base/base.py", line 279, in ensure_connection
    self.connect()
  File "/home/varshatr/virtualenv/tmsapplication/3.11/lib/python3.11/site-packages/django/utils/asyncio.py", line 26, in inner
    return func(*args, **kwargs)
           ^^^^^^^^^^^^^^^^^^^^^
  File "/home/varshatr/virtualenv/tmsapplication/3.11/lib/python3.11/site-packages/django/db/backends/base/base.py", line 256, in connect
    self.connection = self.get_new_connection(conn_params)
                      ^^^^^^^^^^^^^^^^^^^^^^^^^^^^^^^^^^^^
  File "/home/varshatr/virtualenv/tmsapplication/3.11/lib/python3.11/site-packages/django/utils/asyncio.py", line 26, in inner
    return func(*args, **kwargs)
           ^^^^^^^^^^^^^^^^^^^^^
  File "/home/varshatr/virtualenv/tmsapplication/3.11/lib/python3.11/site-packages/django/db/backends/mysql/base.py", line 256, in get_new_connection
    connection = Database.connect(**conn_params)
                 ^^^^^^^^^^^^^^^^^^^^^^^^^^^^^^^
  File "/home/varshatr/virtualenv/tmsapplication/3.11/lib/python3.11/site-packages/pymysql/connections.py", line 365, in __init__
    self.connect()
  File "/home/varshatr/virtualenv/tmsapplication/3.11/lib/python3.11/site-packages/pymysql/connections.py", line 681, in connect
    self._request_authentication()
  File "/home/varshatr/virtualenv/tmsapplication/3.11/lib/python3.11/site-packages/pymysql/connections.py", line 958, in _request_authentication
    auth_packet = self._read_packet()
                  ^^^^^^^^^^^^^^^^^^^
  File "/home/varshatr/virtualenv/tmsapplication/3.11/lib/python3.11/site-packages/pymysql/connections.py", line 782, in _read_packet
    packet.raise_for_error()
  File "/home/varshatr/virtualenv/tmsapplication/3.11/lib/python3.11/site-packages/pymysql/protocol.py", line 219, in raise_for_error
    err.raise_mysql_exception(self._data)
  File "/home/varshatr/virtualenv/tmsapplication/3.11/lib/python3.11/site-packages/pymysql/err.py", line 150, in raise_mysql_exception
    raise errorclass(errno, errval)
pymysql.err.OperationalError: (1045, "Access denied for user 'varshatr_admin'@'127.0.0.1' (using password: YES)")

The above exception was the direct cause of the following exception:

Traceback (most recent call last):
  File "/home/varshatr/virtualenv/tmsapplication/3.11/lib/python3.11/site-packages/django/core/handlers/exception.py", line 55, in inner
    response = get_response(request)
               ^^^^^^^^^^^^^^^^^^^^^
  File "/home/varshatr/virtualenv/tmsapplication/3.11/lib/python3.11/site-packages/django/core/handlers/base.py", line 197, in _get_response
    response = wrapped_callback(request, *callback_args, **callback_kwargs)
               ^^^^^^^^^^^^^^^^^^^^^^^^^^^^^^^^^^^^^^^^^^^^^^^^^^^^^^^^^^^^
  File "/home/varshatr/tmsapplication/main/views.py", line 190, in user_login
    user = authenticate(request, username=username, password=password)
           ^^^^^^^^^^^^^^^^^^^^^^^^^^^^^^^^^^^^^^^^^^^^^^^^^^^^^^^^^^^
  File "/home/varshatr/virtualenv/tmsapplication/3.11/lib/python3.11/site-packages/django/views/decorators/debug.py", line 75, in sensitive_variables_wrapper
    return func(*func_args, **func_kwargs)
           ^^^^^^^^^^^^^^^^^^^^^^^^^^^^^^^
  File "/home/varshatr/virtualenv/tmsapplication/3.11/lib/python3.11/site-packages/django/contrib/auth/__init__.py", line 114, in authenticate
    user = backend.authenticate(request, **credentials)
           ^^^^^^^^^^^^^^^^^^^^^^^^^^^^^^^^^^^^^^^^^^^^
  File "/home/varshatr/virtualenv/tmsapplication/3.11/lib/python3.11/site-packages/django/contrib/auth/backends.py", line 65, in authenticate
    user = UserModel._default_manager.get_by_natural_key(username)
           ^^^^^^^^^^^^^^^^^^^^^^^^^^^^^^^^^^^^^^^^^^^^^^^^^^^^^^^
  File "/home/varshatr/virtualenv/tmsapplication/3.11/lib/python3.11/site-packages/django/contrib/auth/base_user.py", line 37, in get_by_natural_key
    return self.get(**{self.model.USERNAME_FIELD: username})
           ^^^^^^^^^^^^^^^^^^^^^^^^^^^^^^^^^^^^^^^^^^^^^^^^^
  File "/home/varshatr/virtualenv/tmsapplication/3.11/lib/python3.11/site-packages/django/db/models/manager.py", line 87, in manager_method
    return getattr(self.get_queryset(), name)(*args, **kwargs)
           ^^^^^^^^^^^^^^^^^^^^^^^^^^^^^^^^^^^^^^^^^^^^^^^^^^^
  File "/home/varshatr/virtualenv/tmsapplication/3.11/lib/python3.11/site-packages/django/db/models/query.py", line 629, in get
    num = len(clone)
          ^^^^^^^^^^
  File "/home/varshatr/virtualenv/tmsapplication/3.11/lib/python3.11/site-packages/django/db/models/query.py", line 366, in __len__
    self._fetch_all()
  File "/home/varshatr/virtualenv/tmsapplication/3.11/lib/python3.11/site-packages/django/db/models/query.py", line 1945, in _fetch_all
    self._result_cache = list(self._iterable_class(self))
                         ^^^^^^^^^^^^^^^^^^^^^^^^^^^^^^^^
  File "/home/varshatr/virtualenv/tmsapplication/3.11/lib/python3.11/site-packages/django/db/models/query.py", line 91, in __iter__
    results = compiler.execute_sql(
              ^^^^^^^^^^^^^^^^^^^^^
  File "/home/varshatr/virtualenv/tmsapplication/3.11/lib/python3.11/site-packages/django/db/models/sql/compiler.py", line 1621, in execute_sql
    cursor = self.connection.cursor()
             ^^^^^^^^^^^^^^^^^^^^^^^^
  File "/home/varshatr/virtualenv/tmsapplication/3.11/lib/python3.11/site-packages/django/utils/asyncio.py", line 26, in inner
    return func(*args, **kwargs)
           ^^^^^^^^^^^^^^^^^^^^^
  File "/home/varshatr/virtualenv/tmsapplication/3.11/lib/python3.11/site-packages/django/db/backends/base/base.py", line 320, in cursor
    return self._cursor()
           ^^^^^^^^^^^^^^
  File "/home/varshatr/virtualenv/tmsapplication/3.11/lib/python3.11/site-packages/django/db/backends/base/base.py", line 296, in _cursor
    self.ensure_connection()
  File "/home/varshatr/virtualenv/tmsapplication/3.11/lib/python3.11/site-packages/django/utils/asyncio.py", line 26, in inner
    return func(*args, **kwargs)
           ^^^^^^^^^^^^^^^^^^^^^
  File "/home/varshatr/virtualenv/tmsapplication/3.11/lib/python3.11/site-packages/django/db/backends/base/base.py", line 278, in ensure_connection
    with self.wrap_database_errors:
  File "/home/varshatr/virtualenv/tmsapplication/3.11/lib/python3.11/site-packages/django/db/utils.py", line 91, in __exit__
    raise dj_exc_value.with_traceback(traceback) from exc_value
  File "/home/varshatr/virtualenv/tmsapplication/3.11/lib/python3.11/site-packages/django/db/backends/base/base.py", line 279, in ensure_connection
    self.connect()
  File "/home/varshatr/virtualenv/tmsapplication/3.11/lib/python3.11/site-packages/django/utils/asyncio.py", line 26, in inner
    return func(*args, **kwargs)
           ^^^^^^^^^^^^^^^^^^^^^
  File "/home/varshatr/virtualenv/tmsapplication/3.11/lib/python3.11/site-packages/django/db/backends/base/base.py", line 256, in connect
    self.connection = self.get_new_connection(conn_params)
                      ^^^^^^^^^^^^^^^^^^^^^^^^^^^^^^^^^^^^
  File "/home/varshatr/virtualenv/tmsapplication/3.11/lib/python3.11/site-packages/django/utils/asyncio.py", line 26, in inner
    return func(*args, **kwargs)
           ^^^^^^^^^^^^^^^^^^^^^
  File "/home/varshatr/virtualenv/tmsapplication/3.11/lib/python3.11/site-packages/django/db/backends/mysql/base.py", line 256, in get_new_connection
    connection = Database.connect(**conn_params)
                 ^^^^^^^^^^^^^^^^^^^^^^^^^^^^^^^
  File "/home/varshatr/virtualenv/tmsapplication/3.11/lib/python3.11/site-packages/pymysql/connections.py", line 365, in __init__
    self.connect()
  File "/home/varshatr/virtualenv/tmsapplication/3.11/lib/python3.11/site-packages/pymysql/connections.py", line 681, in connect
    self._request_authentication()
  File "/home/varshatr/virtualenv/tmsapplication/3.11/lib/python3.11/site-packages/pymysql/connections.py", line 958, in _request_authentication
    auth_packet = self._read_packet()
                  ^^^^^^^^^^^^^^^^^^^
  File "/home/varshatr/virtualenv/tmsapplication/3.11/lib/python3.11/site-packages/pymysql/connections.py", line 782, in _read_packet
    packet.raise_for_error()
  File "/home/varshatr/virtualenv/tmsapplication/3.11/lib/python3.11/site-packages/pymysql/protocol.py", line 219, in raise_for_error
    err.raise_mysql_exception(self._data)
  File "/home/varshatr/virtualenv/tmsapplication/3.11/lib/python3.11/site-packages/pymysql/err.py", line 150, in raise_mysql_exception
    raise errorclass(errno, errval)
django.db.utils.OperationalError: (1045, "Access denied for user 'varshatr_admin'@'127.0.0.1' (using password: YES)")
Internal Server Error: /login/
Traceback (most recent call last):
  File "/home/varshatr/virtualenv/tmsapplication/3.11/lib/python3.11/site-packages/django/db/backends/base/base.py", line 279, in ensure_connection
    self.connect()
  File "/home/varshatr/virtualenv/tmsapplication/3.11/lib/python3.11/site-packages/django/utils/asyncio.py", line 26, in inner
    return func(*args, **kwargs)
           ^^^^^^^^^^^^^^^^^^^^^
  File "/home/varshatr/virtualenv/tmsapplication/3.11/lib/python3.11/site-packages/django/db/backends/base/base.py", line 256, in connect
    self.connection = self.get_new_connection(conn_params)
                      ^^^^^^^^^^^^^^^^^^^^^^^^^^^^^^^^^^^^
  File "/home/varshatr/virtualenv/tmsapplication/3.11/lib/python3.11/site-packages/django/utils/asyncio.py", line 26, in inner
    return func(*args, **kwargs)
           ^^^^^^^^^^^^^^^^^^^^^
  File "/home/varshatr/virtualenv/tmsapplication/3.11/lib/python3.11/site-packages/django/db/backends/mysql/base.py", line 256, in get_new_connection
    connection = Database.connect(**conn_params)
                 ^^^^^^^^^^^^^^^^^^^^^^^^^^^^^^^
  File "/home/varshatr/virtualenv/tmsapplication/3.11/lib/python3.11/site-packages/pymysql/connections.py", line 365, in __init__
    self.connect()
  File "/home/varshatr/virtualenv/tmsapplication/3.11/lib/python3.11/site-packages/pymysql/connections.py", line 681, in connect
    self._request_authentication()
  File "/home/varshatr/virtualenv/tmsapplication/3.11/lib/python3.11/site-packages/pymysql/connections.py", line 958, in _request_authentication
    auth_packet = self._read_packet()
                  ^^^^^^^^^^^^^^^^^^^
  File "/home/varshatr/virtualenv/tmsapplication/3.11/lib/python3.11/site-packages/pymysql/connections.py", line 782, in _read_packet
    packet.raise_for_error()
  File "/home/varshatr/virtualenv/tmsapplication/3.11/lib/python3.11/site-packages/pymysql/protocol.py", line 219, in raise_for_error
    err.raise_mysql_exception(self._data)
  File "/home/varshatr/virtualenv/tmsapplication/3.11/lib/python3.11/site-packages/pymysql/err.py", line 150, in raise_mysql_exception
    raise errorclass(errno, errval)
pymysql.err.OperationalError: (1045, "Access denied for user 'varshatr_admin'@'127.0.0.1' (using password: YES)")

The above exception was the direct cause of the following exception:

Traceback (most recent call last):
  File "/home/varshatr/virtualenv/tmsapplication/3.11/lib/python3.11/site-packages/django/core/handlers/exception.py", line 55, in inner
    response = get_response(request)
               ^^^^^^^^^^^^^^^^^^^^^
  File "/home/varshatr/virtualenv/tmsapplication/3.11/lib/python3.11/site-packages/django/core/handlers/base.py", line 197, in _get_response
    response = wrapped_callback(request, *callback_args, **callback_kwargs)
               ^^^^^^^^^^^^^^^^^^^^^^^^^^^^^^^^^^^^^^^^^^^^^^^^^^^^^^^^^^^^
  File "/home/varshatr/tmsapplication/main/views.py", line 190, in user_login
    user = authenticate(request, username=username, password=password)
           ^^^^^^^^^^^^^^^^^^^^^^^^^^^^^^^^^^^^^^^^^^^^^^^^^^^^^^^^^^^
  File "/home/varshatr/virtualenv/tmsapplication/3.11/lib/python3.11/site-packages/django/views/decorators/debug.py", line 75, in sensitive_variables_wrapper
    return func(*func_args, **func_kwargs)
           ^^^^^^^^^^^^^^^^^^^^^^^^^^^^^^^
  File "/home/varshatr/virtualenv/tmsapplication/3.11/lib/python3.11/site-packages/django/contrib/auth/__init__.py", line 114, in authenticate
    user = backend.authenticate(request, **credentials)
           ^^^^^^^^^^^^^^^^^^^^^^^^^^^^^^^^^^^^^^^^^^^^
  File "/home/varshatr/virtualenv/tmsapplication/3.11/lib/python3.11/site-packages/django/contrib/auth/backends.py", line 65, in authenticate
    user = UserModel._default_manager.get_by_natural_key(username)
           ^^^^^^^^^^^^^^^^^^^^^^^^^^^^^^^^^^^^^^^^^^^^^^^^^^^^^^^
  File "/home/varshatr/virtualenv/tmsapplication/3.11/lib/python3.11/site-packages/django/contrib/auth/base_user.py", line 37, in get_by_natural_key
    return self.get(**{self.model.USERNAME_FIELD: username})
           ^^^^^^^^^^^^^^^^^^^^^^^^^^^^^^^^^^^^^^^^^^^^^^^^^
  File "/home/varshatr/virtualenv/tmsapplication/3.11/lib/python3.11/site-packages/django/db/models/manager.py", line 87, in manager_method
    return getattr(self.get_queryset(), name)(*args, **kwargs)
           ^^^^^^^^^^^^^^^^^^^^^^^^^^^^^^^^^^^^^^^^^^^^^^^^^^^
  File "/home/varshatr/virtualenv/tmsapplication/3.11/lib/python3.11/site-packages/django/db/models/query.py", line 629, in get
    num = len(clone)
          ^^^^^^^^^^
  File "/home/varshatr/virtualenv/tmsapplication/3.11/lib/python3.11/site-packages/django/db/models/query.py", line 366, in __len__
    self._fetch_all()
  File "/home/varshatr/virtualenv/tmsapplication/3.11/lib/python3.11/site-packages/django/db/models/query.py", line 1945, in _fetch_all
    self._result_cache = list(self._iterable_class(self))
                         ^^^^^^^^^^^^^^^^^^^^^^^^^^^^^^^^
  File "/home/varshatr/virtualenv/tmsapplication/3.11/lib/python3.11/site-packages/django/db/models/query.py", line 91, in __iter__
    results = compiler.execute_sql(
              ^^^^^^^^^^^^^^^^^^^^^
  File "/home/varshatr/virtualenv/tmsapplication/3.11/lib/python3.11/site-packages/django/db/models/sql/compiler.py", line 1621, in execute_sql
    cursor = self.connection.cursor()
             ^^^^^^^^^^^^^^^^^^^^^^^^
  File "/home/varshatr/virtualenv/tmsapplication/3.11/lib/python3.11/site-packages/django/utils/asyncio.py", line 26, in inner
    return func(*args, **kwargs)
           ^^^^^^^^^^^^^^^^^^^^^
  File "/home/varshatr/virtualenv/tmsapplication/3.11/lib/python3.11/site-packages/django/db/backends/base/base.py", line 320, in cursor
    return self._cursor()
           ^^^^^^^^^^^^^^
  File "/home/varshatr/virtualenv/tmsapplication/3.11/lib/python3.11/site-packages/django/db/backends/base/base.py", line 296, in _cursor
    self.ensure_connection()
  File "/home/varshatr/virtualenv/tmsapplication/3.11/lib/python3.11/site-packages/django/utils/asyncio.py", line 26, in inner
    return func(*args, **kwargs)
           ^^^^^^^^^^^^^^^^^^^^^
  File "/home/varshatr/virtualenv/tmsapplication/3.11/lib/python3.11/site-packages/django/db/backends/base/base.py", line 278, in ensure_connection
    with self.wrap_database_errors:
  File "/home/varshatr/virtualenv/tmsapplication/3.11/lib/python3.11/site-packages/django/db/utils.py", line 91, in __exit__
    raise dj_exc_value.with_traceback(traceback) from exc_value
  File "/home/varshatr/virtualenv/tmsapplication/3.11/lib/python3.11/site-packages/django/db/backends/base/base.py", line 279, in ensure_connection
    self.connect()
  File "/home/varshatr/virtualenv/tmsapplication/3.11/lib/python3.11/site-packages/django/utils/asyncio.py", line 26, in inner
    return func(*args, **kwargs)
           ^^^^^^^^^^^^^^^^^^^^^
  File "/home/varshatr/virtualenv/tmsapplication/3.11/lib/python3.11/site-packages/django/db/backends/base/base.py", line 256, in connect
    self.connection = self.get_new_connection(conn_params)
                      ^^^^^^^^^^^^^^^^^^^^^^^^^^^^^^^^^^^^
  File "/home/varshatr/virtualenv/tmsapplication/3.11/lib/python3.11/site-packages/django/utils/asyncio.py", line 26, in inner
    return func(*args, **kwargs)
           ^^^^^^^^^^^^^^^^^^^^^
  File "/home/varshatr/virtualenv/tmsapplication/3.11/lib/python3.11/site-packages/django/db/backends/mysql/base.py", line 256, in get_new_connection
    connection = Database.connect(**conn_params)
                 ^^^^^^^^^^^^^^^^^^^^^^^^^^^^^^^
  File "/home/varshatr/virtualenv/tmsapplication/3.11/lib/python3.11/site-packages/pymysql/connections.py", line 365, in __init__
    self.connect()
  File "/home/varshatr/virtualenv/tmsapplication/3.11/lib/python3.11/site-packages/pymysql/connections.py", line 681, in connect
    self._request_authentication()
  File "/home/varshatr/virtualenv/tmsapplication/3.11/lib/python3.11/site-packages/pymysql/connections.py", line 958, in _request_authentication
    auth_packet = self._read_packet()
                  ^^^^^^^^^^^^^^^^^^^
  File "/home/varshatr/virtualenv/tmsapplication/3.11/lib/python3.11/site-packages/pymysql/connections.py", line 782, in _read_packet
    packet.raise_for_error()
  File "/home/varshatr/virtualenv/tmsapplication/3.11/lib/python3.11/site-packages/pymysql/protocol.py", line 219, in raise_for_error
    err.raise_mysql_exception(self._data)
  File "/home/varshatr/virtualenv/tmsapplication/3.11/lib/python3.11/site-packages/pymysql/err.py", line 150, in raise_mysql_exception
    raise errorclass(errno, errval)
django.db.utils.OperationalError: (1045, "Access denied for user 'varshatr_admin'@'127.0.0.1' (using password: YES)")
Internal Server Error: /login/
Traceback (most recent call last):
  File "/home/varshatr/virtualenv/tmsapplication/3.11/lib/python3.11/site-packages/django/db/backends/base/base.py", line 279, in ensure_connection
    self.connect()
  File "/home/varshatr/virtualenv/tmsapplication/3.11/lib/python3.11/site-packages/django/utils/asyncio.py", line 26, in inner
    return func(*args, **kwargs)
           ^^^^^^^^^^^^^^^^^^^^^
  File "/home/varshatr/virtualenv/tmsapplication/3.11/lib/python3.11/site-packages/django/db/backends/base/base.py", line 256, in connect
    self.connection = self.get_new_connection(conn_params)
                      ^^^^^^^^^^^^^^^^^^^^^^^^^^^^^^^^^^^^
  File "/home/varshatr/virtualenv/tmsapplication/3.11/lib/python3.11/site-packages/django/utils/asyncio.py", line 26, in inner
    return func(*args, **kwargs)
           ^^^^^^^^^^^^^^^^^^^^^
  File "/home/varshatr/virtualenv/tmsapplication/3.11/lib/python3.11/site-packages/django/db/backends/mysql/base.py", line 256, in get_new_connection
    connection = Database.connect(**conn_params)
                 ^^^^^^^^^^^^^^^^^^^^^^^^^^^^^^^
  File "/home/varshatr/virtualenv/tmsapplication/3.11/lib/python3.11/site-packages/pymysql/connections.py", line 365, in __init__
    self.connect()
  File "/home/varshatr/virtualenv/tmsapplication/3.11/lib/python3.11/site-packages/pymysql/connections.py", line 681, in connect
    self._request_authentication()
  File "/home/varshatr/virtualenv/tmsapplication/3.11/lib/python3.11/site-packages/pymysql/connections.py", line 958, in _request_authentication
    auth_packet = self._read_packet()
                  ^^^^^^^^^^^^^^^^^^^
  File "/home/varshatr/virtualenv/tmsapplication/3.11/lib/python3.11/site-packages/pymysql/connections.py", line 782, in _read_packet
    packet.raise_for_error()
  File "/home/varshatr/virtualenv/tmsapplication/3.11/lib/python3.11/site-packages/pymysql/protocol.py", line 219, in raise_for_error
    err.raise_mysql_exception(self._data)
  File "/home/varshatr/virtualenv/tmsapplication/3.11/lib/python3.11/site-packages/pymysql/err.py", line 150, in raise_mysql_exception
    raise errorclass(errno, errval)
pymysql.err.OperationalError: (1045, "Access denied for user 'varshatr_admin'@'127.0.0.1' (using password: YES)")

The above exception was the direct cause of the following exception:

Traceback (most recent call last):
  File "/home/varshatr/virtualenv/tmsapplication/3.11/lib/python3.11/site-packages/django/core/handlers/exception.py", line 55, in inner
    response = get_response(request)
               ^^^^^^^^^^^^^^^^^^^^^
  File "/home/varshatr/virtualenv/tmsapplication/3.11/lib/python3.11/site-packages/django/core/handlers/base.py", line 197, in _get_response
    response = wrapped_callback(request, *callback_args, **callback_kwargs)
               ^^^^^^^^^^^^^^^^^^^^^^^^^^^^^^^^^^^^^^^^^^^^^^^^^^^^^^^^^^^^
  File "/home/varshatr/tmsapplication/main/views.py", line 190, in user_login
    user = authenticate(request, username=username, password=password)
           ^^^^^^^^^^^^^^^^^^^^^^^^^^^^^^^^^^^^^^^^^^^^^^^^^^^^^^^^^^^
  File "/home/varshatr/virtualenv/tmsapplication/3.11/lib/python3.11/site-packages/django/views/decorators/debug.py", line 75, in sensitive_variables_wrapper
    return func(*func_args, **func_kwargs)
           ^^^^^^^^^^^^^^^^^^^^^^^^^^^^^^^
  File "/home/varshatr/virtualenv/tmsapplication/3.11/lib/python3.11/site-packages/django/contrib/auth/__init__.py", line 114, in authenticate
    user = backend.authenticate(request, **credentials)
           ^^^^^^^^^^^^^^^^^^^^^^^^^^^^^^^^^^^^^^^^^^^^
  File "/home/varshatr/virtualenv/tmsapplication/3.11/lib/python3.11/site-packages/django/contrib/auth/backends.py", line 65, in authenticate
    user = UserModel._default_manager.get_by_natural_key(username)
           ^^^^^^^^^^^^^^^^^^^^^^^^^^^^^^^^^^^^^^^^^^^^^^^^^^^^^^^
  File "/home/varshatr/virtualenv/tmsapplication/3.11/lib/python3.11/site-packages/django/contrib/auth/base_user.py", line 37, in get_by_natural_key
    return self.get(**{self.model.USERNAME_FIELD: username})
           ^^^^^^^^^^^^^^^^^^^^^^^^^^^^^^^^^^^^^^^^^^^^^^^^^
  File "/home/varshatr/virtualenv/tmsapplication/3.11/lib/python3.11/site-packages/django/db/models/manager.py", line 87, in manager_method
    return getattr(self.get_queryset(), name)(*args, **kwargs)
           ^^^^^^^^^^^^^^^^^^^^^^^^^^^^^^^^^^^^^^^^^^^^^^^^^^^
  File "/home/varshatr/virtualenv/tmsapplication/3.11/lib/python3.11/site-packages/django/db/models/query.py", line 629, in get
    num = len(clone)
          ^^^^^^^^^^
  File "/home/varshatr/virtualenv/tmsapplication/3.11/lib/python3.11/site-packages/django/db/models/query.py", line 366, in __len__
    self._fetch_all()
  File "/home/varshatr/virtualenv/tmsapplication/3.11/lib/python3.11/site-packages/django/db/models/query.py", line 1945, in _fetch_all
    self._result_cache = list(self._iterable_class(self))
                         ^^^^^^^^^^^^^^^^^^^^^^^^^^^^^^^^
  File "/home/varshatr/virtualenv/tmsapplication/3.11/lib/python3.11/site-packages/django/db/models/query.py", line 91, in __iter__
    results = compiler.execute_sql(
              ^^^^^^^^^^^^^^^^^^^^^
  File "/home/varshatr/virtualenv/tmsapplication/3.11/lib/python3.11/site-packages/django/db/models/sql/compiler.py", line 1621, in execute_sql
    cursor = self.connection.cursor()
             ^^^^^^^^^^^^^^^^^^^^^^^^
  File "/home/varshatr/virtualenv/tmsapplication/3.11/lib/python3.11/site-packages/django/utils/asyncio.py", line 26, in inner
    return func(*args, **kwargs)
           ^^^^^^^^^^^^^^^^^^^^^
  File "/home/varshatr/virtualenv/tmsapplication/3.11/lib/python3.11/site-packages/django/db/backends/base/base.py", line 320, in cursor
    return self._cursor()
           ^^^^^^^^^^^^^^
  File "/home/varshatr/virtualenv/tmsapplication/3.11/lib/python3.11/site-packages/django/db/backends/base/base.py", line 296, in _cursor
    self.ensure_connection()
  File "/home/varshatr/virtualenv/tmsapplication/3.11/lib/python3.11/site-packages/django/utils/asyncio.py", line 26, in inner
    return func(*args, **kwargs)
           ^^^^^^^^^^^^^^^^^^^^^
  File "/home/varshatr/virtualenv/tmsapplication/3.11/lib/python3.11/site-packages/django/db/backends/base/base.py", line 278, in ensure_connection
    with self.wrap_database_errors:
  File "/home/varshatr/virtualenv/tmsapplication/3.11/lib/python3.11/site-packages/django/db/utils.py", line 91, in __exit__
    raise dj_exc_value.with_traceback(traceback) from exc_value
  File "/home/varshatr/virtualenv/tmsapplication/3.11/lib/python3.11/site-packages/django/db/backends/base/base.py", line 279, in ensure_connection
    self.connect()
  File "/home/varshatr/virtualenv/tmsapplication/3.11/lib/python3.11/site-packages/django/utils/asyncio.py", line 26, in inner
    return func(*args, **kwargs)
           ^^^^^^^^^^^^^^^^^^^^^
  File "/home/varshatr/virtualenv/tmsapplication/3.11/lib/python3.11/site-packages/django/db/backends/base/base.py", line 256, in connect
    self.connection = self.get_new_connection(conn_params)
                      ^^^^^^^^^^^^^^^^^^^^^^^^^^^^^^^^^^^^
  File "/home/varshatr/virtualenv/tmsapplication/3.11/lib/python3.11/site-packages/django/utils/asyncio.py", line 26, in inner
    return func(*args, **kwargs)
           ^^^^^^^^^^^^^^^^^^^^^
  File "/home/varshatr/virtualenv/tmsapplication/3.11/lib/python3.11/site-packages/django/db/backends/mysql/base.py", line 256, in get_new_connection
    connection = Database.connect(**conn_params)
                 ^^^^^^^^^^^^^^^^^^^^^^^^^^^^^^^
  File "/home/varshatr/virtualenv/tmsapplication/3.11/lib/python3.11/site-packages/pymysql/connections.py", line 365, in __init__
    self.connect()
  File "/home/varshatr/virtualenv/tmsapplication/3.11/lib/python3.11/site-packages/pymysql/connections.py", line 681, in connect
    self._request_authentication()
  File "/home/varshatr/virtualenv/tmsapplication/3.11/lib/python3.11/site-packages/pymysql/connections.py", line 958, in _request_authentication
    auth_packet = self._read_packet()
                  ^^^^^^^^^^^^^^^^^^^
  File "/home/varshatr/virtualenv/tmsapplication/3.11/lib/python3.11/site-packages/pymysql/connections.py", line 782, in _read_packet
    packet.raise_for_error()
  File "/home/varshatr/virtualenv/tmsapplication/3.11/lib/python3.11/site-packages/pymysql/protocol.py", line 219, in raise_for_error
    err.raise_mysql_exception(self._data)
  File "/home/varshatr/virtualenv/tmsapplication/3.11/lib/python3.11/site-packages/pymysql/err.py", line 150, in raise_mysql_exception
    raise errorclass(errno, errval)
django.db.utils.OperationalError: (1045, "Access denied for user 'varshatr_admin'@'127.0.0.1' (using password: YES)")
Internal Server Error: /login/
Traceback (most recent call last):
  File "/home/varshatr/virtualenv/tmsapplication/3.11/lib/python3.11/site-packages/django/db/backends/base/base.py", line 279, in ensure_connection
    self.connect()
  File "/home/varshatr/virtualenv/tmsapplication/3.11/lib/python3.11/site-packages/django/utils/asyncio.py", line 26, in inner
    return func(*args, **kwargs)
           ^^^^^^^^^^^^^^^^^^^^^
  File "/home/varshatr/virtualenv/tmsapplication/3.11/lib/python3.11/site-packages/django/db/backends/base/base.py", line 256, in connect
    self.connection = self.get_new_connection(conn_params)
                      ^^^^^^^^^^^^^^^^^^^^^^^^^^^^^^^^^^^^
  File "/home/varshatr/virtualenv/tmsapplication/3.11/lib/python3.11/site-packages/django/utils/asyncio.py", line 26, in inner
    return func(*args, **kwargs)
           ^^^^^^^^^^^^^^^^^^^^^
  File "/home/varshatr/virtualenv/tmsapplication/3.11/lib/python3.11/site-packages/django/db/backends/mysql/base.py", line 256, in get_new_connection
    connection = Database.connect(**conn_params)
                 ^^^^^^^^^^^^^^^^^^^^^^^^^^^^^^^
  File "/home/varshatr/virtualenv/tmsapplication/3.11/lib/python3.11/site-packages/pymysql/connections.py", line 365, in __init__
    self.connect()
  File "/home/varshatr/virtualenv/tmsapplication/3.11/lib/python3.11/site-packages/pymysql/connections.py", line 681, in connect
    self._request_authentication()
  File "/home/varshatr/virtualenv/tmsapplication/3.11/lib/python3.11/site-packages/pymysql/connections.py", line 958, in _request_authentication
    auth_packet = self._read_packet()
                  ^^^^^^^^^^^^^^^^^^^
  File "/home/varshatr/virtualenv/tmsapplication/3.11/lib/python3.11/site-packages/pymysql/connections.py", line 782, in _read_packet
    packet.raise_for_error()
  File "/home/varshatr/virtualenv/tmsapplication/3.11/lib/python3.11/site-packages/pymysql/protocol.py", line 219, in raise_for_error
    err.raise_mysql_exception(self._data)
  File "/home/varshatr/virtualenv/tmsapplication/3.11/lib/python3.11/site-packages/pymysql/err.py", line 150, in raise_mysql_exception
    raise errorclass(errno, errval)
pymysql.err.OperationalError: (1045, "Access denied for user 'varshatr_admin'@'127.0.0.1' (using password: YES)")

The above exception was the direct cause of the following exception:

Traceback (most recent call last):
  File "/home/varshatr/virtualenv/tmsapplication/3.11/lib/python3.11/site-packages/django/core/handlers/exception.py", line 55, in inner
    response = get_response(request)
               ^^^^^^^^^^^^^^^^^^^^^
  File "/home/varshatr/virtualenv/tmsapplication/3.11/lib/python3.11/site-packages/django/core/handlers/base.py", line 197, in _get_response
    response = wrapped_callback(request, *callback_args, **callback_kwargs)
               ^^^^^^^^^^^^^^^^^^^^^^^^^^^^^^^^^^^^^^^^^^^^^^^^^^^^^^^^^^^^
  File "/home/varshatr/tmsapplication/main/views.py", line 190, in user_login
    user = authenticate(request, username=username, password=password)
           ^^^^^^^^^^^^^^^^^^^^^^^^^^^^^^^^^^^^^^^^^^^^^^^^^^^^^^^^^^^
  File "/home/varshatr/virtualenv/tmsapplication/3.11/lib/python3.11/site-packages/django/views/decorators/debug.py", line 75, in sensitive_variables_wrapper
    return func(*func_args, **func_kwargs)
           ^^^^^^^^^^^^^^^^^^^^^^^^^^^^^^^
  File "/home/varshatr/virtualenv/tmsapplication/3.11/lib/python3.11/site-packages/django/contrib/auth/__init__.py", line 114, in authenticate
    user = backend.authenticate(request, **credentials)
           ^^^^^^^^^^^^^^^^^^^^^^^^^^^^^^^^^^^^^^^^^^^^
  File "/home/varshatr/virtualenv/tmsapplication/3.11/lib/python3.11/site-packages/django/contrib/auth/backends.py", line 65, in authenticate
    user = UserModel._default_manager.get_by_natural_key(username)
           ^^^^^^^^^^^^^^^^^^^^^^^^^^^^^^^^^^^^^^^^^^^^^^^^^^^^^^^
  File "/home/varshatr/virtualenv/tmsapplication/3.11/lib/python3.11/site-packages/django/contrib/auth/base_user.py", line 37, in get_by_natural_key
    return self.get(**{self.model.USERNAME_FIELD: username})
           ^^^^^^^^^^^^^^^^^^^^^^^^^^^^^^^^^^^^^^^^^^^^^^^^^
  File "/home/varshatr/virtualenv/tmsapplication/3.11/lib/python3.11/site-packages/django/db/models/manager.py", line 87, in manager_method
    return getattr(self.get_queryset(), name)(*args, **kwargs)
           ^^^^^^^^^^^^^^^^^^^^^^^^^^^^^^^^^^^^^^^^^^^^^^^^^^^
  File "/home/varshatr/virtualenv/tmsapplication/3.11/lib/python3.11/site-packages/django/db/models/query.py", line 629, in get
    num = len(clone)
          ^^^^^^^^^^
  File "/home/varshatr/virtualenv/tmsapplication/3.11/lib/python3.11/site-packages/django/db/models/query.py", line 366, in __len__
    self._fetch_all()
  File "/home/varshatr/virtualenv/tmsapplication/3.11/lib/python3.11/site-packages/django/db/models/query.py", line 1945, in _fetch_all
    self._result_cache = list(self._iterable_class(self))
                         ^^^^^^^^^^^^^^^^^^^^^^^^^^^^^^^^
  File "/home/varshatr/virtualenv/tmsapplication/3.11/lib/python3.11/site-packages/django/db/models/query.py", line 91, in __iter__
    results = compiler.execute_sql(
              ^^^^^^^^^^^^^^^^^^^^^
  File "/home/varshatr/virtualenv/tmsapplication/3.11/lib/python3.11/site-packages/django/db/models/sql/compiler.py", line 1621, in execute_sql
    cursor = self.connection.cursor()
             ^^^^^^^^^^^^^^^^^^^^^^^^
  File "/home/varshatr/virtualenv/tmsapplication/3.11/lib/python3.11/site-packages/django/utils/asyncio.py", line 26, in inner
    return func(*args, **kwargs)
           ^^^^^^^^^^^^^^^^^^^^^
  File "/home/varshatr/virtualenv/tmsapplication/3.11/lib/python3.11/site-packages/django/db/backends/base/base.py", line 320, in cursor
    return self._cursor()
           ^^^^^^^^^^^^^^
  File "/home/varshatr/virtualenv/tmsapplication/3.11/lib/python3.11/site-packages/django/db/backends/base/base.py", line 296, in _cursor
    self.ensure_connection()
  File "/home/varshatr/virtualenv/tmsapplication/3.11/lib/python3.11/site-packages/django/utils/asyncio.py", line 26, in inner
    return func(*args, **kwargs)
           ^^^^^^^^^^^^^^^^^^^^^
  File "/home/varshatr/virtualenv/tmsapplication/3.11/lib/python3.11/site-packages/django/db/backends/base/base.py", line 278, in ensure_connection
    with self.wrap_database_errors:
  File "/home/varshatr/virtualenv/tmsapplication/3.11/lib/python3.11/site-packages/django/db/utils.py", line 91, in __exit__
    raise dj_exc_value.with_traceback(traceback) from exc_value
  File "/home/varshatr/virtualenv/tmsapplication/3.11/lib/python3.11/site-packages/django/db/backends/base/base.py", line 279, in ensure_connection
    self.connect()
  File "/home/varshatr/virtualenv/tmsapplication/3.11/lib/python3.11/site-packages/django/utils/asyncio.py", line 26, in inner
    return func(*args, **kwargs)
           ^^^^^^^^^^^^^^^^^^^^^
  File "/home/varshatr/virtualenv/tmsapplication/3.11/lib/python3.11/site-packages/django/db/backends/base/base.py", line 256, in connect
    self.connection = self.get_new_connection(conn_params)
                      ^^^^^^^^^^^^^^^^^^^^^^^^^^^^^^^^^^^^
  File "/home/varshatr/virtualenv/tmsapplication/3.11/lib/python3.11/site-packages/django/utils/asyncio.py", line 26, in inner
    return func(*args, **kwargs)
           ^^^^^^^^^^^^^^^^^^^^^
  File "/home/varshatr/virtualenv/tmsapplication/3.11/lib/python3.11/site-packages/django/db/backends/mysql/base.py", line 256, in get_new_connection
    connection = Database.connect(**conn_params)
                 ^^^^^^^^^^^^^^^^^^^^^^^^^^^^^^^
  File "/home/varshatr/virtualenv/tmsapplication/3.11/lib/python3.11/site-packages/pymysql/connections.py", line 365, in __init__
    self.connect()
  File "/home/varshatr/virtualenv/tmsapplication/3.11/lib/python3.11/site-packages/pymysql/connections.py", line 681, in connect
    self._request_authentication()
  File "/home/varshatr/virtualenv/tmsapplication/3.11/lib/python3.11/site-packages/pymysql/connections.py", line 958, in _request_authentication
    auth_packet = self._read_packet()
                  ^^^^^^^^^^^^^^^^^^^
  File "/home/varshatr/virtualenv/tmsapplication/3.11/lib/python3.11/site-packages/pymysql/connections.py", line 782, in _read_packet
    packet.raise_for_error()
  File "/home/varshatr/virtualenv/tmsapplication/3.11/lib/python3.11/site-packages/pymysql/protocol.py", line 219, in raise_for_error
    err.raise_mysql_exception(self._data)
  File "/home/varshatr/virtualenv/tmsapplication/3.11/lib/python3.11/site-packages/pymysql/err.py", line 150, in raise_mysql_exception
    raise errorclass(errno, errval)
django.db.utils.OperationalError: (1045, "Access denied for user 'varshatr_admin'@'127.0.0.1' (using password: YES)")
Internal Server Error: /login/
Traceback (most recent call last):
  File "/home/varshatr/virtualenv/tmsapplication/3.11/lib/python3.11/site-packages/django/db/backends/base/base.py", line 279, in ensure_connection
    self.connect()
  File "/home/varshatr/virtualenv/tmsapplication/3.11/lib/python3.11/site-packages/django/utils/asyncio.py", line 26, in inner
    return func(*args, **kwargs)
           ^^^^^^^^^^^^^^^^^^^^^
  File "/home/varshatr/virtualenv/tmsapplication/3.11/lib/python3.11/site-packages/django/db/backends/base/base.py", line 256, in connect
    self.connection = self.get_new_connection(conn_params)
                      ^^^^^^^^^^^^^^^^^^^^^^^^^^^^^^^^^^^^
  File "/home/varshatr/virtualenv/tmsapplication/3.11/lib/python3.11/site-packages/django/utils/asyncio.py", line 26, in inner
    return func(*args, **kwargs)
           ^^^^^^^^^^^^^^^^^^^^^
  File "/home/varshatr/virtualenv/tmsapplication/3.11/lib/python3.11/site-packages/django/db/backends/mysql/base.py", line 256, in get_new_connection
    connection = Database.connect(**conn_params)
                 ^^^^^^^^^^^^^^^^^^^^^^^^^^^^^^^
  File "/home/varshatr/virtualenv/tmsapplication/3.11/lib/python3.11/site-packages/pymysql/connections.py", line 365, in __init__
    self.connect()
  File "/home/varshatr/virtualenv/tmsapplication/3.11/lib/python3.11/site-packages/pymysql/connections.py", line 681, in connect
    self._request_authentication()
  File "/home/varshatr/virtualenv/tmsapplication/3.11/lib/python3.11/site-packages/pymysql/connections.py", line 958, in _request_authentication
    auth_packet = self._read_packet()
                  ^^^^^^^^^^^^^^^^^^^
  File "/home/varshatr/virtualenv/tmsapplication/3.11/lib/python3.11/site-packages/pymysql/connections.py", line 782, in _read_packet
    packet.raise_for_error()
  File "/home/varshatr/virtualenv/tmsapplication/3.11/lib/python3.11/site-packages/pymysql/protocol.py", line 219, in raise_for_error
    err.raise_mysql_exception(self._data)
  File "/home/varshatr/virtualenv/tmsapplication/3.11/lib/python3.11/site-packages/pymysql/err.py", line 150, in raise_mysql_exception
    raise errorclass(errno, errval)
pymysql.err.OperationalError: (1045, "Access denied for user 'varshatr_admin'@'127.0.0.1' (using password: YES)")

The above exception was the direct cause of the following exception:

Traceback (most recent call last):
  File "/home/varshatr/virtualenv/tmsapplication/3.11/lib/python3.11/site-packages/django/core/handlers/exception.py", line 55, in inner
    response = get_response(request)
               ^^^^^^^^^^^^^^^^^^^^^
  File "/home/varshatr/virtualenv/tmsapplication/3.11/lib/python3.11/site-packages/django/core/handlers/base.py", line 197, in _get_response
    response = wrapped_callback(request, *callback_args, **callback_kwargs)
               ^^^^^^^^^^^^^^^^^^^^^^^^^^^^^^^^^^^^^^^^^^^^^^^^^^^^^^^^^^^^
  File "/home/varshatr/tmsapplication/main/views.py", line 190, in user_login
    user = authenticate(request, username=username, password=password)
           ^^^^^^^^^^^^^^^^^^^^^^^^^^^^^^^^^^^^^^^^^^^^^^^^^^^^^^^^^^^
  File "/home/varshatr/virtualenv/tmsapplication/3.11/lib/python3.11/site-packages/django/views/decorators/debug.py", line 75, in sensitive_variables_wrapper
    return func(*func_args, **func_kwargs)
           ^^^^^^^^^^^^^^^^^^^^^^^^^^^^^^^
  File "/home/varshatr/virtualenv/tmsapplication/3.11/lib/python3.11/site-packages/django/contrib/auth/__init__.py", line 114, in authenticate
    user = backend.authenticate(request, **credentials)
           ^^^^^^^^^^^^^^^^^^^^^^^^^^^^^^^^^^^^^^^^^^^^
  File "/home/varshatr/virtualenv/tmsapplication/3.11/lib/python3.11/site-packages/django/contrib/auth/backends.py", line 65, in authenticate
    user = UserModel._default_manager.get_by_natural_key(username)
           ^^^^^^^^^^^^^^^^^^^^^^^^^^^^^^^^^^^^^^^^^^^^^^^^^^^^^^^
  File "/home/varshatr/virtualenv/tmsapplication/3.11/lib/python3.11/site-packages/django/contrib/auth/base_user.py", line 37, in get_by_natural_key
    return self.get(**{self.model.USERNAME_FIELD: username})
           ^^^^^^^^^^^^^^^^^^^^^^^^^^^^^^^^^^^^^^^^^^^^^^^^^
  File "/home/varshatr/virtualenv/tmsapplication/3.11/lib/python3.11/site-packages/django/db/models/manager.py", line 87, in manager_method
    return getattr(self.get_queryset(), name)(*args, **kwargs)
           ^^^^^^^^^^^^^^^^^^^^^^^^^^^^^^^^^^^^^^^^^^^^^^^^^^^
  File "/home/varshatr/virtualenv/tmsapplication/3.11/lib/python3.11/site-packages/django/db/models/query.py", line 629, in get
    num = len(clone)
          ^^^^^^^^^^
  File "/home/varshatr/virtualenv/tmsapplication/3.11/lib/python3.11/site-packages/django/db/models/query.py", line 366, in __len__
    self._fetch_all()
  File "/home/varshatr/virtualenv/tmsapplication/3.11/lib/python3.11/site-packages/django/db/models/query.py", line 1945, in _fetch_all
    self._result_cache = list(self._iterable_class(self))
                         ^^^^^^^^^^^^^^^^^^^^^^^^^^^^^^^^
  File "/home/varshatr/virtualenv/tmsapplication/3.11/lib/python3.11/site-packages/django/db/models/query.py", line 91, in __iter__
    results = compiler.execute_sql(
              ^^^^^^^^^^^^^^^^^^^^^
  File "/home/varshatr/virtualenv/tmsapplication/3.11/lib/python3.11/site-packages/django/db/models/sql/compiler.py", line 1621, in execute_sql
    cursor = self.connection.cursor()
             ^^^^^^^^^^^^^^^^^^^^^^^^
  File "/home/varshatr/virtualenv/tmsapplication/3.11/lib/python3.11/site-packages/django/utils/asyncio.py", line 26, in inner
    return func(*args, **kwargs)
           ^^^^^^^^^^^^^^^^^^^^^
  File "/home/varshatr/virtualenv/tmsapplication/3.11/lib/python3.11/site-packages/django/db/backends/base/base.py", line 320, in cursor
    return self._cursor()
           ^^^^^^^^^^^^^^
  File "/home/varshatr/virtualenv/tmsapplication/3.11/lib/python3.11/site-packages/django/db/backends/base/base.py", line 296, in _cursor
    self.ensure_connection()
  File "/home/varshatr/virtualenv/tmsapplication/3.11/lib/python3.11/site-packages/django/utils/asyncio.py", line 26, in inner
    return func(*args, **kwargs)
           ^^^^^^^^^^^^^^^^^^^^^
  File "/home/varshatr/virtualenv/tmsapplication/3.11/lib/python3.11/site-packages/django/db/backends/base/base.py", line 278, in ensure_connection
    with self.wrap_database_errors:
  File "/home/varshatr/virtualenv/tmsapplication/3.11/lib/python3.11/site-packages/django/db/utils.py", line 91, in __exit__
    raise dj_exc_value.with_traceback(traceback) from exc_value
  File "/home/varshatr/virtualenv/tmsapplication/3.11/lib/python3.11/site-packages/django/db/backends/base/base.py", line 279, in ensure_connection
    self.connect()
  File "/home/varshatr/virtualenv/tmsapplication/3.11/lib/python3.11/site-packages/django/utils/asyncio.py", line 26, in inner
    return func(*args, **kwargs)
           ^^^^^^^^^^^^^^^^^^^^^
  File "/home/varshatr/virtualenv/tmsapplication/3.11/lib/python3.11/site-packages/django/db/backends/base/base.py", line 256, in connect
    self.connection = self.get_new_connection(conn_params)
                      ^^^^^^^^^^^^^^^^^^^^^^^^^^^^^^^^^^^^
  File "/home/varshatr/virtualenv/tmsapplication/3.11/lib/python3.11/site-packages/django/utils/asyncio.py", line 26, in inner
    return func(*args, **kwargs)
           ^^^^^^^^^^^^^^^^^^^^^
  File "/home/varshatr/virtualenv/tmsapplication/3.11/lib/python3.11/site-packages/django/db/backends/mysql/base.py", line 256, in get_new_connection
    connection = Database.connect(**conn_params)
                 ^^^^^^^^^^^^^^^^^^^^^^^^^^^^^^^
  File "/home/varshatr/virtualenv/tmsapplication/3.11/lib/python3.11/site-packages/pymysql/connections.py", line 365, in __init__
    self.connect()
  File "/home/varshatr/virtualenv/tmsapplication/3.11/lib/python3.11/site-packages/pymysql/connections.py", line 681, in connect
    self._request_authentication()
  File "/home/varshatr/virtualenv/tmsapplication/3.11/lib/python3.11/site-packages/pymysql/connections.py", line 958, in _request_authentication
    auth_packet = self._read_packet()
                  ^^^^^^^^^^^^^^^^^^^
  File "/home/varshatr/virtualenv/tmsapplication/3.11/lib/python3.11/site-packages/pymysql/connections.py", line 782, in _read_packet
    packet.raise_for_error()
  File "/home/varshatr/virtualenv/tmsapplication/3.11/lib/python3.11/site-packages/pymysql/protocol.py", line 219, in raise_for_error
    err.raise_mysql_exception(self._data)
  File "/home/varshatr/virtualenv/tmsapplication/3.11/lib/python3.11/site-packages/pymysql/err.py", line 150, in raise_mysql_exception
    raise errorclass(errno, errval)
django.db.utils.OperationalError: (1045, "Access denied for user 'varshatr_admin'@'127.0.0.1' (using password: YES)")
Internal Server Error: /login/
Traceback (most recent call last):
  File "/home/varshatr/virtualenv/tmsapplication/3.11/lib/python3.11/site-packages/django/db/backends/base/base.py", line 279, in ensure_connection
    self.connect()
  File "/home/varshatr/virtualenv/tmsapplication/3.11/lib/python3.11/site-packages/django/utils/asyncio.py", line 26, in inner
    return func(*args, **kwargs)
           ^^^^^^^^^^^^^^^^^^^^^
  File "/home/varshatr/virtualenv/tmsapplication/3.11/lib/python3.11/site-packages/django/db/backends/base/base.py", line 256, in connect
    self.connection = self.get_new_connection(conn_params)
                      ^^^^^^^^^^^^^^^^^^^^^^^^^^^^^^^^^^^^
  File "/home/varshatr/virtualenv/tmsapplication/3.11/lib/python3.11/site-packages/django/utils/asyncio.py", line 26, in inner
    return func(*args, **kwargs)
           ^^^^^^^^^^^^^^^^^^^^^
  File "/home/varshatr/virtualenv/tmsapplication/3.11/lib/python3.11/site-packages/django/db/backends/mysql/base.py", line 256, in get_new_connection
    connection = Database.connect(**conn_params)
                 ^^^^^^^^^^^^^^^^^^^^^^^^^^^^^^^
  File "/home/varshatr/virtualenv/tmsapplication/3.11/lib/python3.11/site-packages/pymysql/connections.py", line 365, in __init__
    self.connect()
  File "/home/varshatr/virtualenv/tmsapplication/3.11/lib/python3.11/site-packages/pymysql/connections.py", line 681, in connect
    self._request_authentication()
  File "/home/varshatr/virtualenv/tmsapplication/3.11/lib/python3.11/site-packages/pymysql/connections.py", line 958, in _request_authentication
    auth_packet = self._read_packet()
                  ^^^^^^^^^^^^^^^^^^^
  File "/home/varshatr/virtualenv/tmsapplication/3.11/lib/python3.11/site-packages/pymysql/connections.py", line 782, in _read_packet
    packet.raise_for_error()
  File "/home/varshatr/virtualenv/tmsapplication/3.11/lib/python3.11/site-packages/pymysql/protocol.py", line 219, in raise_for_error
    err.raise_mysql_exception(self._data)
  File "/home/varshatr/virtualenv/tmsapplication/3.11/lib/python3.11/site-packages/pymysql/err.py", line 150, in raise_mysql_exception
    raise errorclass(errno, errval)
pymysql.err.OperationalError: (1045, "Access denied for user 'varshatr_admin'@'127.0.0.1' (using password: YES)")

The above exception was the direct cause of the following exception:

Traceback (most recent call last):
  File "/home/varshatr/virtualenv/tmsapplication/3.11/lib/python3.11/site-packages/django/core/handlers/exception.py", line 55, in inner
    response = get_response(request)
               ^^^^^^^^^^^^^^^^^^^^^
  File "/home/varshatr/virtualenv/tmsapplication/3.11/lib/python3.11/site-packages/django/core/handlers/base.py", line 197, in _get_response
    response = wrapped_callback(request, *callback_args, **callback_kwargs)
               ^^^^^^^^^^^^^^^^^^^^^^^^^^^^^^^^^^^^^^^^^^^^^^^^^^^^^^^^^^^^
  File "/home/varshatr/tmsapplication/main/views.py", line 190, in user_login
    user = authenticate(request, username=username, password=password)
           ^^^^^^^^^^^^^^^^^^^^^^^^^^^^^^^^^^^^^^^^^^^^^^^^^^^^^^^^^^^
  File "/home/varshatr/virtualenv/tmsapplication/3.11/lib/python3.11/site-packages/django/views/decorators/debug.py", line 75, in sensitive_variables_wrapper
    return func(*func_args, **func_kwargs)
           ^^^^^^^^^^^^^^^^^^^^^^^^^^^^^^^
  File "/home/varshatr/virtualenv/tmsapplication/3.11/lib/python3.11/site-packages/django/contrib/auth/__init__.py", line 114, in authenticate
    user = backend.authenticate(request, **credentials)
           ^^^^^^^^^^^^^^^^^^^^^^^^^^^^^^^^^^^^^^^^^^^^
  File "/home/varshatr/virtualenv/tmsapplication/3.11/lib/python3.11/site-packages/django/contrib/auth/backends.py", line 65, in authenticate
    user = UserModel._default_manager.get_by_natural_key(username)
           ^^^^^^^^^^^^^^^^^^^^^^^^^^^^^^^^^^^^^^^^^^^^^^^^^^^^^^^
  File "/home/varshatr/virtualenv/tmsapplication/3.11/lib/python3.11/site-packages/django/contrib/auth/base_user.py", line 37, in get_by_natural_key
    return self.get(**{self.model.USERNAME_FIELD: username})
           ^^^^^^^^^^^^^^^^^^^^^^^^^^^^^^^^^^^^^^^^^^^^^^^^^
  File "/home/varshatr/virtualenv/tmsapplication/3.11/lib/python3.11/site-packages/django/db/models/manager.py", line 87, in manager_method
    return getattr(self.get_queryset(), name)(*args, **kwargs)
           ^^^^^^^^^^^^^^^^^^^^^^^^^^^^^^^^^^^^^^^^^^^^^^^^^^^
  File "/home/varshatr/virtualenv/tmsapplication/3.11/lib/python3.11/site-packages/django/db/models/query.py", line 629, in get
    num = len(clone)
          ^^^^^^^^^^
  File "/home/varshatr/virtualenv/tmsapplication/3.11/lib/python3.11/site-packages/django/db/models/query.py", line 366, in __len__
    self._fetch_all()
  File "/home/varshatr/virtualenv/tmsapplication/3.11/lib/python3.11/site-packages/django/db/models/query.py", line 1945, in _fetch_all
    self._result_cache = list(self._iterable_class(self))
                         ^^^^^^^^^^^^^^^^^^^^^^^^^^^^^^^^
  File "/home/varshatr/virtualenv/tmsapplication/3.11/lib/python3.11/site-packages/django/db/models/query.py", line 91, in __iter__
    results = compiler.execute_sql(
              ^^^^^^^^^^^^^^^^^^^^^
  File "/home/varshatr/virtualenv/tmsapplication/3.11/lib/python3.11/site-packages/django/db/models/sql/compiler.py", line 1621, in execute_sql
    cursor = self.connection.cursor()
             ^^^^^^^^^^^^^^^^^^^^^^^^
  File "/home/varshatr/virtualenv/tmsapplication/3.11/lib/python3.11/site-packages/django/utils/asyncio.py", line 26, in inner
    return func(*args, **kwargs)
           ^^^^^^^^^^^^^^^^^^^^^
  File "/home/varshatr/virtualenv/tmsapplication/3.11/lib/python3.11/site-packages/django/db/backends/base/base.py", line 320, in cursor
    return self._cursor()
           ^^^^^^^^^^^^^^
  File "/home/varshatr/virtualenv/tmsapplication/3.11/lib/python3.11/site-packages/django/db/backends/base/base.py", line 296, in _cursor
    self.ensure_connection()
  File "/home/varshatr/virtualenv/tmsapplication/3.11/lib/python3.11/site-packages/django/utils/asyncio.py", line 26, in inner
    return func(*args, **kwargs)
           ^^^^^^^^^^^^^^^^^^^^^
  File "/home/varshatr/virtualenv/tmsapplication/3.11/lib/python3.11/site-packages/django/db/backends/base/base.py", line 278, in ensure_connection
    with self.wrap_database_errors:
  File "/home/varshatr/virtualenv/tmsapplication/3.11/lib/python3.11/site-packages/django/db/utils.py", line 91, in __exit__
    raise dj_exc_value.with_traceback(traceback) from exc_value
  File "/home/varshatr/virtualenv/tmsapplication/3.11/lib/python3.11/site-packages/django/db/backends/base/base.py", line 279, in ensure_connection
    self.connect()
  File "/home/varshatr/virtualenv/tmsapplication/3.11/lib/python3.11/site-packages/django/utils/asyncio.py", line 26, in inner
    return func(*args, **kwargs)
           ^^^^^^^^^^^^^^^^^^^^^
  File "/home/varshatr/virtualenv/tmsapplication/3.11/lib/python3.11/site-packages/django/db/backends/base/base.py", line 256, in connect
    self.connection = self.get_new_connection(conn_params)
                      ^^^^^^^^^^^^^^^^^^^^^^^^^^^^^^^^^^^^
  File "/home/varshatr/virtualenv/tmsapplication/3.11/lib/python3.11/site-packages/django/utils/asyncio.py", line 26, in inner
    return func(*args, **kwargs)
           ^^^^^^^^^^^^^^^^^^^^^
  File "/home/varshatr/virtualenv/tmsapplication/3.11/lib/python3.11/site-packages/django/db/backends/mysql/base.py", line 256, in get_new_connection
    connection = Database.connect(**conn_params)
                 ^^^^^^^^^^^^^^^^^^^^^^^^^^^^^^^
  File "/home/varshatr/virtualenv/tmsapplication/3.11/lib/python3.11/site-packages/pymysql/connections.py", line 365, in __init__
    self.connect()
  File "/home/varshatr/virtualenv/tmsapplication/3.11/lib/python3.11/site-packages/pymysql/connections.py", line 681, in connect
    self._request_authentication()
  File "/home/varshatr/virtualenv/tmsapplication/3.11/lib/python3.11/site-packages/pymysql/connections.py", line 958, in _request_authentication
    auth_packet = self._read_packet()
                  ^^^^^^^^^^^^^^^^^^^
  File "/home/varshatr/virtualenv/tmsapplication/3.11/lib/python3.11/site-packages/pymysql/connections.py", line 782, in _read_packet
    packet.raise_for_error()
  File "/home/varshatr/virtualenv/tmsapplication/3.11/lib/python3.11/site-packages/pymysql/protocol.py", line 219, in raise_for_error
    err.raise_mysql_exception(self._data)
  File "/home/varshatr/virtualenv/tmsapplication/3.11/lib/python3.11/site-packages/pymysql/err.py", line 150, in raise_mysql_exception
    raise errorclass(errno, errval)
django.db.utils.OperationalError: (1045, "Access denied for user 'varshatr_admin'@'127.0.0.1' (using password: YES)")
Internal Server Error: /login/
Traceback (most recent call last):
  File "/home/varshatr/virtualenv/tmsapplication/3.11/lib/python3.11/site-packages/django/db/backends/base/base.py", line 279, in ensure_connection
    self.connect()
  File "/home/varshatr/virtualenv/tmsapplication/3.11/lib/python3.11/site-packages/django/utils/asyncio.py", line 26, in inner
    return func(*args, **kwargs)
           ^^^^^^^^^^^^^^^^^^^^^
  File "/home/varshatr/virtualenv/tmsapplication/3.11/lib/python3.11/site-packages/django/db/backends/base/base.py", line 256, in connect
    self.connection = self.get_new_connection(conn_params)
                      ^^^^^^^^^^^^^^^^^^^^^^^^^^^^^^^^^^^^
  File "/home/varshatr/virtualenv/tmsapplication/3.11/lib/python3.11/site-packages/django/utils/asyncio.py", line 26, in inner
    return func(*args, **kwargs)
           ^^^^^^^^^^^^^^^^^^^^^
  File "/home/varshatr/virtualenv/tmsapplication/3.11/lib/python3.11/site-packages/django/db/backends/mysql/base.py", line 256, in get_new_connection
    connection = Database.connect(**conn_params)
                 ^^^^^^^^^^^^^^^^^^^^^^^^^^^^^^^
  File "/home/varshatr/virtualenv/tmsapplication/3.11/lib/python3.11/site-packages/pymysql/connections.py", line 365, in __init__
    self.connect()
  File "/home/varshatr/virtualenv/tmsapplication/3.11/lib/python3.11/site-packages/pymysql/connections.py", line 681, in connect
    self._request_authentication()
  File "/home/varshatr/virtualenv/tmsapplication/3.11/lib/python3.11/site-packages/pymysql/connections.py", line 958, in _request_authentication
    auth_packet = self._read_packet()
                  ^^^^^^^^^^^^^^^^^^^
  File "/home/varshatr/virtualenv/tmsapplication/3.11/lib/python3.11/site-packages/pymysql/connections.py", line 782, in _read_packet
    packet.raise_for_error()
  File "/home/varshatr/virtualenv/tmsapplication/3.11/lib/python3.11/site-packages/pymysql/protocol.py", line 219, in raise_for_error
    err.raise_mysql_exception(self._data)
  File "/home/varshatr/virtualenv/tmsapplication/3.11/lib/python3.11/site-packages/pymysql/err.py", line 150, in raise_mysql_exception
    raise errorclass(errno, errval)
pymysql.err.OperationalError: (1045, "Access denied for user 'varshatr_admin'@'127.0.0.1' (using password: YES)")

The above exception was the direct cause of the following exception:

Traceback (most recent call last):
  File "/home/varshatr/virtualenv/tmsapplication/3.11/lib/python3.11/site-packages/django/core/handlers/exception.py", line 55, in inner
    response = get_response(request)
               ^^^^^^^^^^^^^^^^^^^^^
  File "/home/varshatr/virtualenv/tmsapplication/3.11/lib/python3.11/site-packages/django/core/handlers/base.py", line 197, in _get_response
    response = wrapped_callback(request, *callback_args, **callback_kwargs)
               ^^^^^^^^^^^^^^^^^^^^^^^^^^^^^^^^^^^^^^^^^^^^^^^^^^^^^^^^^^^^
  File "/home/varshatr/tmsapplication/main/views.py", line 190, in user_login
    user = authenticate(request, username=username, password=password)
           ^^^^^^^^^^^^^^^^^^^^^^^^^^^^^^^^^^^^^^^^^^^^^^^^^^^^^^^^^^^
  File "/home/varshatr/virtualenv/tmsapplication/3.11/lib/python3.11/site-packages/django/views/decorators/debug.py", line 75, in sensitive_variables_wrapper
    return func(*func_args, **func_kwargs)
           ^^^^^^^^^^^^^^^^^^^^^^^^^^^^^^^
  File "/home/varshatr/virtualenv/tmsapplication/3.11/lib/python3.11/site-packages/django/contrib/auth/__init__.py", line 114, in authenticate
    user = backend.authenticate(request, **credentials)
           ^^^^^^^^^^^^^^^^^^^^^^^^^^^^^^^^^^^^^^^^^^^^
  File "/home/varshatr/virtualenv/tmsapplication/3.11/lib/python3.11/site-packages/django/contrib/auth/backends.py", line 65, in authenticate
    user = UserModel._default_manager.get_by_natural_key(username)
           ^^^^^^^^^^^^^^^^^^^^^^^^^^^^^^^^^^^^^^^^^^^^^^^^^^^^^^^
  File "/home/varshatr/virtualenv/tmsapplication/3.11/lib/python3.11/site-packages/django/contrib/auth/base_user.py", line 37, in get_by_natural_key
    return self.get(**{self.model.USERNAME_FIELD: username})
           ^^^^^^^^^^^^^^^^^^^^^^^^^^^^^^^^^^^^^^^^^^^^^^^^^
  File "/home/varshatr/virtualenv/tmsapplication/3.11/lib/python3.11/site-packages/django/db/models/manager.py", line 87, in manager_method
    return getattr(self.get_queryset(), name)(*args, **kwargs)
           ^^^^^^^^^^^^^^^^^^^^^^^^^^^^^^^^^^^^^^^^^^^^^^^^^^^
  File "/home/varshatr/virtualenv/tmsapplication/3.11/lib/python3.11/site-packages/django/db/models/query.py", line 629, in get
    num = len(clone)
          ^^^^^^^^^^
  File "/home/varshatr/virtualenv/tmsapplication/3.11/lib/python3.11/site-packages/django/db/models/query.py", line 366, in __len__
    self._fetch_all()
  File "/home/varshatr/virtualenv/tmsapplication/3.11/lib/python3.11/site-packages/django/db/models/query.py", line 1945, in _fetch_all
    self._result_cache = list(self._iterable_class(self))
                         ^^^^^^^^^^^^^^^^^^^^^^^^^^^^^^^^
  File "/home/varshatr/virtualenv/tmsapplication/3.11/lib/python3.11/site-packages/django/db/models/query.py", line 91, in __iter__
    results = compiler.execute_sql(
              ^^^^^^^^^^^^^^^^^^^^^
  File "/home/varshatr/virtualenv/tmsapplication/3.11/lib/python3.11/site-packages/django/db/models/sql/compiler.py", line 1621, in execute_sql
    cursor = self.connection.cursor()
             ^^^^^^^^^^^^^^^^^^^^^^^^
  File "/home/varshatr/virtualenv/tmsapplication/3.11/lib/python3.11/site-packages/django/utils/asyncio.py", line 26, in inner
    return func(*args, **kwargs)
           ^^^^^^^^^^^^^^^^^^^^^
  File "/home/varshatr/virtualenv/tmsapplication/3.11/lib/python3.11/site-packages/django/db/backends/base/base.py", line 320, in cursor
    return self._cursor()
           ^^^^^^^^^^^^^^
  File "/home/varshatr/virtualenv/tmsapplication/3.11/lib/python3.11/site-packages/django/db/backends/base/base.py", line 296, in _cursor
    self.ensure_connection()
  File "/home/varshatr/virtualenv/tmsapplication/3.11/lib/python3.11/site-packages/django/utils/asyncio.py", line 26, in inner
    return func(*args, **kwargs)
           ^^^^^^^^^^^^^^^^^^^^^
  File "/home/varshatr/virtualenv/tmsapplication/3.11/lib/python3.11/site-packages/django/db/backends/base/base.py", line 278, in ensure_connection
    with self.wrap_database_errors:
  File "/home/varshatr/virtualenv/tmsapplication/3.11/lib/python3.11/site-packages/django/db/utils.py", line 91, in __exit__
    raise dj_exc_value.with_traceback(traceback) from exc_value
  File "/home/varshatr/virtualenv/tmsapplication/3.11/lib/python3.11/site-packages/django/db/backends/base/base.py", line 279, in ensure_connection
    self.connect()
  File "/home/varshatr/virtualenv/tmsapplication/3.11/lib/python3.11/site-packages/django/utils/asyncio.py", line 26, in inner
    return func(*args, **kwargs)
           ^^^^^^^^^^^^^^^^^^^^^
  File "/home/varshatr/virtualenv/tmsapplication/3.11/lib/python3.11/site-packages/django/db/backends/base/base.py", line 256, in connect
    self.connection = self.get_new_connection(conn_params)
                      ^^^^^^^^^^^^^^^^^^^^^^^^^^^^^^^^^^^^
  File "/home/varshatr/virtualenv/tmsapplication/3.11/lib/python3.11/site-packages/django/utils/asyncio.py", line 26, in inner
    return func(*args, **kwargs)
           ^^^^^^^^^^^^^^^^^^^^^
  File "/home/varshatr/virtualenv/tmsapplication/3.11/lib/python3.11/site-packages/django/db/backends/mysql/base.py", line 256, in get_new_connection
    connection = Database.connect(**conn_params)
                 ^^^^^^^^^^^^^^^^^^^^^^^^^^^^^^^
  File "/home/varshatr/virtualenv/tmsapplication/3.11/lib/python3.11/site-packages/pymysql/connections.py", line 365, in __init__
    self.connect()
  File "/home/varshatr/virtualenv/tmsapplication/3.11/lib/python3.11/site-packages/pymysql/connections.py", line 681, in connect
    self._request_authentication()
  File "/home/varshatr/virtualenv/tmsapplication/3.11/lib/python3.11/site-packages/pymysql/connections.py", line 958, in _request_authentication
    auth_packet = self._read_packet()
                  ^^^^^^^^^^^^^^^^^^^
  File "/home/varshatr/virtualenv/tmsapplication/3.11/lib/python3.11/site-packages/pymysql/connections.py", line 782, in _read_packet
    packet.raise_for_error()
  File "/home/varshatr/virtualenv/tmsapplication/3.11/lib/python3.11/site-packages/pymysql/protocol.py", line 219, in raise_for_error
    err.raise_mysql_exception(self._data)
  File "/home/varshatr/virtualenv/tmsapplication/3.11/lib/python3.11/site-packages/pymysql/err.py", line 150, in raise_mysql_exception
    raise errorclass(errno, errval)
django.db.utils.OperationalError: (1045, "Access denied for user 'varshatr_admin'@'127.0.0.1' (using password: YES)")
Internal Server Error: /login/
Traceback (most recent call last):
  File "/home/varshatr/virtualenv/tmsapplication/3.11/lib/python3.11/site-packages/django/db/backends/base/base.py", line 279, in ensure_connection
    self.connect()
  File "/home/varshatr/virtualenv/tmsapplication/3.11/lib/python3.11/site-packages/django/utils/asyncio.py", line 26, in inner
    return func(*args, **kwargs)
           ^^^^^^^^^^^^^^^^^^^^^
  File "/home/varshatr/virtualenv/tmsapplication/3.11/lib/python3.11/site-packages/django/db/backends/base/base.py", line 256, in connect
    self.connection = self.get_new_connection(conn_params)
                      ^^^^^^^^^^^^^^^^^^^^^^^^^^^^^^^^^^^^
  File "/home/varshatr/virtualenv/tmsapplication/3.11/lib/python3.11/site-packages/django/utils/asyncio.py", line 26, in inner
    return func(*args, **kwargs)
           ^^^^^^^^^^^^^^^^^^^^^
  File "/home/varshatr/virtualenv/tmsapplication/3.11/lib/python3.11/site-packages/django/db/backends/mysql/base.py", line 256, in get_new_connection
    connection = Database.connect(**conn_params)
                 ^^^^^^^^^^^^^^^^^^^^^^^^^^^^^^^
  File "/home/varshatr/virtualenv/tmsapplication/3.11/lib/python3.11/site-packages/pymysql/connections.py", line 365, in __init__
    self.connect()
  File "/home/varshatr/virtualenv/tmsapplication/3.11/lib/python3.11/site-packages/pymysql/connections.py", line 681, in connect
    self._request_authentication()
  File "/home/varshatr/virtualenv/tmsapplication/3.11/lib/python3.11/site-packages/pymysql/connections.py", line 958, in _request_authentication
    auth_packet = self._read_packet()
                  ^^^^^^^^^^^^^^^^^^^
  File "/home/varshatr/virtualenv/tmsapplication/3.11/lib/python3.11/site-packages/pymysql/connections.py", line 782, in _read_packet
    packet.raise_for_error()
  File "/home/varshatr/virtualenv/tmsapplication/3.11/lib/python3.11/site-packages/pymysql/protocol.py", line 219, in raise_for_error
    err.raise_mysql_exception(self._data)
  File "/home/varshatr/virtualenv/tmsapplication/3.11/lib/python3.11/site-packages/pymysql/err.py", line 150, in raise_mysql_exception
    raise errorclass(errno, errval)
pymysql.err.OperationalError: (1045, "Access denied for user 'varshatr_admin'@'127.0.0.1' (using password: YES)")

The above exception was the direct cause of the following exception:

Traceback (most recent call last):
  File "/home/varshatr/virtualenv/tmsapplication/3.11/lib/python3.11/site-packages/django/core/handlers/exception.py", line 55, in inner
    response = get_response(request)
               ^^^^^^^^^^^^^^^^^^^^^
  File "/home/varshatr/virtualenv/tmsapplication/3.11/lib/python3.11/site-packages/django/core/handlers/base.py", line 197, in _get_response
    response = wrapped_callback(request, *callback_args, **callback_kwargs)
               ^^^^^^^^^^^^^^^^^^^^^^^^^^^^^^^^^^^^^^^^^^^^^^^^^^^^^^^^^^^^
  File "/home/varshatr/tmsapplication/main/views.py", line 190, in user_login
    user = authenticate(request, username=username, password=password)
           ^^^^^^^^^^^^^^^^^^^^^^^^^^^^^^^^^^^^^^^^^^^^^^^^^^^^^^^^^^^
  File "/home/varshatr/virtualenv/tmsapplication/3.11/lib/python3.11/site-packages/django/views/decorators/debug.py", line 75, in sensitive_variables_wrapper
    return func(*func_args, **func_kwargs)
           ^^^^^^^^^^^^^^^^^^^^^^^^^^^^^^^
  File "/home/varshatr/virtualenv/tmsapplication/3.11/lib/python3.11/site-packages/django/contrib/auth/__init__.py", line 114, in authenticate
    user = backend.authenticate(request, **credentials)
           ^^^^^^^^^^^^^^^^^^^^^^^^^^^^^^^^^^^^^^^^^^^^
  File "/home/varshatr/virtualenv/tmsapplication/3.11/lib/python3.11/site-packages/django/contrib/auth/backends.py", line 65, in authenticate
    user = UserModel._default_manager.get_by_natural_key(username)
           ^^^^^^^^^^^^^^^^^^^^^^^^^^^^^^^^^^^^^^^^^^^^^^^^^^^^^^^
  File "/home/varshatr/virtualenv/tmsapplication/3.11/lib/python3.11/site-packages/django/contrib/auth/base_user.py", line 37, in get_by_natural_key
    return self.get(**{self.model.USERNAME_FIELD: username})
           ^^^^^^^^^^^^^^^^^^^^^^^^^^^^^^^^^^^^^^^^^^^^^^^^^
  File "/home/varshatr/virtualenv/tmsapplication/3.11/lib/python3.11/site-packages/django/db/models/manager.py", line 87, in manager_method
    return getattr(self.get_queryset(), name)(*args, **kwargs)
           ^^^^^^^^^^^^^^^^^^^^^^^^^^^^^^^^^^^^^^^^^^^^^^^^^^^
  File "/home/varshatr/virtualenv/tmsapplication/3.11/lib/python3.11/site-packages/django/db/models/query.py", line 629, in get
    num = len(clone)
          ^^^^^^^^^^
  File "/home/varshatr/virtualenv/tmsapplication/3.11/lib/python3.11/site-packages/django/db/models/query.py", line 366, in __len__
    self._fetch_all()
  File "/home/varshatr/virtualenv/tmsapplication/3.11/lib/python3.11/site-packages/django/db/models/query.py", line 1945, in _fetch_all
    self._result_cache = list(self._iterable_class(self))
                         ^^^^^^^^^^^^^^^^^^^^^^^^^^^^^^^^
  File "/home/varshatr/virtualenv/tmsapplication/3.11/lib/python3.11/site-packages/django/db/models/query.py", line 91, in __iter__
    results = compiler.execute_sql(
              ^^^^^^^^^^^^^^^^^^^^^
  File "/home/varshatr/virtualenv/tmsapplication/3.11/lib/python3.11/site-packages/django/db/models/sql/compiler.py", line 1621, in execute_sql
    cursor = self.connection.cursor()
             ^^^^^^^^^^^^^^^^^^^^^^^^
  File "/home/varshatr/virtualenv/tmsapplication/3.11/lib/python3.11/site-packages/django/utils/asyncio.py", line 26, in inner
    return func(*args, **kwargs)
           ^^^^^^^^^^^^^^^^^^^^^
  File "/home/varshatr/virtualenv/tmsapplication/3.11/lib/python3.11/site-packages/django/db/backends/base/base.py", line 320, in cursor
    return self._cursor()
           ^^^^^^^^^^^^^^
  File "/home/varshatr/virtualenv/tmsapplication/3.11/lib/python3.11/site-packages/django/db/backends/base/base.py", line 296, in _cursor
    self.ensure_connection()
  File "/home/varshatr/virtualenv/tmsapplication/3.11/lib/python3.11/site-packages/django/utils/asyncio.py", line 26, in inner
    return func(*args, **kwargs)
           ^^^^^^^^^^^^^^^^^^^^^
  File "/home/varshatr/virtualenv/tmsapplication/3.11/lib/python3.11/site-packages/django/db/backends/base/base.py", line 278, in ensure_connection
    with self.wrap_database_errors:
  File "/home/varshatr/virtualenv/tmsapplication/3.11/lib/python3.11/site-packages/django/db/utils.py", line 91, in __exit__
    raise dj_exc_value.with_traceback(traceback) from exc_value
  File "/home/varshatr/virtualenv/tmsapplication/3.11/lib/python3.11/site-packages/django/db/backends/base/base.py", line 279, in ensure_connection
    self.connect()
  File "/home/varshatr/virtualenv/tmsapplication/3.11/lib/python3.11/site-packages/django/utils/asyncio.py", line 26, in inner
    return func(*args, **kwargs)
           ^^^^^^^^^^^^^^^^^^^^^
  File "/home/varshatr/virtualenv/tmsapplication/3.11/lib/python3.11/site-packages/django/db/backends/base/base.py", line 256, in connect
    self.connection = self.get_new_connection(conn_params)
                      ^^^^^^^^^^^^^^^^^^^^^^^^^^^^^^^^^^^^
  File "/home/varshatr/virtualenv/tmsapplication/3.11/lib/python3.11/site-packages/django/utils/asyncio.py", line 26, in inner
    return func(*args, **kwargs)
           ^^^^^^^^^^^^^^^^^^^^^
  File "/home/varshatr/virtualenv/tmsapplication/3.11/lib/python3.11/site-packages/django/db/backends/mysql/base.py", line 256, in get_new_connection
    connection = Database.connect(**conn_params)
                 ^^^^^^^^^^^^^^^^^^^^^^^^^^^^^^^
  File "/home/varshatr/virtualenv/tmsapplication/3.11/lib/python3.11/site-packages/pymysql/connections.py", line 365, in __init__
    self.connect()
  File "/home/varshatr/virtualenv/tmsapplication/3.11/lib/python3.11/site-packages/pymysql/connections.py", line 681, in connect
    self._request_authentication()
  File "/home/varshatr/virtualenv/tmsapplication/3.11/lib/python3.11/site-packages/pymysql/connections.py", line 958, in _request_authentication
    auth_packet = self._read_packet()
                  ^^^^^^^^^^^^^^^^^^^
  File "/home/varshatr/virtualenv/tmsapplication/3.11/lib/python3.11/site-packages/pymysql/connections.py", line 782, in _read_packet
    packet.raise_for_error()
  File "/home/varshatr/virtualenv/tmsapplication/3.11/lib/python3.11/site-packages/pymysql/protocol.py", line 219, in raise_for_error
    err.raise_mysql_exception(self._data)
  File "/home/varshatr/virtualenv/tmsapplication/3.11/lib/python3.11/site-packages/pymysql/err.py", line 150, in raise_mysql_exception
    raise errorclass(errno, errval)
django.db.utils.OperationalError: (1045, "Access denied for user 'varshatr_admin'@'127.0.0.1' (using password: YES)")
Internal Server Error: /login/
Traceback (most recent call last):
  File "/home/varshatr/virtualenv/tmsapplication/3.11/lib/python3.11/site-packages/django/db/backends/base/base.py", line 279, in ensure_connection
    self.connect()
  File "/home/varshatr/virtualenv/tmsapplication/3.11/lib/python3.11/site-packages/django/utils/asyncio.py", line 26, in inner
    return func(*args, **kwargs)
           ^^^^^^^^^^^^^^^^^^^^^
  File "/home/varshatr/virtualenv/tmsapplication/3.11/lib/python3.11/site-packages/django/db/backends/base/base.py", line 256, in connect
    self.connection = self.get_new_connection(conn_params)
                      ^^^^^^^^^^^^^^^^^^^^^^^^^^^^^^^^^^^^
  File "/home/varshatr/virtualenv/tmsapplication/3.11/lib/python3.11/site-packages/django/utils/asyncio.py", line 26, in inner
    return func(*args, **kwargs)
           ^^^^^^^^^^^^^^^^^^^^^
  File "/home/varshatr/virtualenv/tmsapplication/3.11/lib/python3.11/site-packages/django/db/backends/mysql/base.py", line 256, in get_new_connection
    connection = Database.connect(**conn_params)
                 ^^^^^^^^^^^^^^^^^^^^^^^^^^^^^^^
  File "/home/varshatr/virtualenv/tmsapplication/3.11/lib/python3.11/site-packages/pymysql/connections.py", line 365, in __init__
    self.connect()
  File "/home/varshatr/virtualenv/tmsapplication/3.11/lib/python3.11/site-packages/pymysql/connections.py", line 681, in connect
    self._request_authentication()
  File "/home/varshatr/virtualenv/tmsapplication/3.11/lib/python3.11/site-packages/pymysql/connections.py", line 958, in _request_authentication
    auth_packet = self._read_packet()
                  ^^^^^^^^^^^^^^^^^^^
  File "/home/varshatr/virtualenv/tmsapplication/3.11/lib/python3.11/site-packages/pymysql/connections.py", line 782, in _read_packet
    packet.raise_for_error()
  File "/home/varshatr/virtualenv/tmsapplication/3.11/lib/python3.11/site-packages/pymysql/protocol.py", line 219, in raise_for_error
    err.raise_mysql_exception(self._data)
  File "/home/varshatr/virtualenv/tmsapplication/3.11/lib/python3.11/site-packages/pymysql/err.py", line 150, in raise_mysql_exception
    raise errorclass(errno, errval)
pymysql.err.OperationalError: (1045, "Access denied for user 'varshatr_admin'@'127.0.0.1' (using password: YES)")

The above exception was the direct cause of the following exception:

Traceback (most recent call last):
  File "/home/varshatr/virtualenv/tmsapplication/3.11/lib/python3.11/site-packages/django/core/handlers/exception.py", line 55, in inner
    response = get_response(request)
               ^^^^^^^^^^^^^^^^^^^^^
  File "/home/varshatr/virtualenv/tmsapplication/3.11/lib/python3.11/site-packages/django/core/handlers/base.py", line 197, in _get_response
    response = wrapped_callback(request, *callback_args, **callback_kwargs)
               ^^^^^^^^^^^^^^^^^^^^^^^^^^^^^^^^^^^^^^^^^^^^^^^^^^^^^^^^^^^^
  File "/home/varshatr/tmsapplication/main/views.py", line 190, in user_login
    user = authenticate(request, username=username, password=password)
           ^^^^^^^^^^^^^^^^^^^^^^^^^^^^^^^^^^^^^^^^^^^^^^^^^^^^^^^^^^^
  File "/home/varshatr/virtualenv/tmsapplication/3.11/lib/python3.11/site-packages/django/views/decorators/debug.py", line 75, in sensitive_variables_wrapper
    return func(*func_args, **func_kwargs)
           ^^^^^^^^^^^^^^^^^^^^^^^^^^^^^^^
  File "/home/varshatr/virtualenv/tmsapplication/3.11/lib/python3.11/site-packages/django/contrib/auth/__init__.py", line 114, in authenticate
    user = backend.authenticate(request, **credentials)
           ^^^^^^^^^^^^^^^^^^^^^^^^^^^^^^^^^^^^^^^^^^^^
  File "/home/varshatr/virtualenv/tmsapplication/3.11/lib/python3.11/site-packages/django/contrib/auth/backends.py", line 65, in authenticate
    user = UserModel._default_manager.get_by_natural_key(username)
           ^^^^^^^^^^^^^^^^^^^^^^^^^^^^^^^^^^^^^^^^^^^^^^^^^^^^^^^
  File "/home/varshatr/virtualenv/tmsapplication/3.11/lib/python3.11/site-packages/django/contrib/auth/base_user.py", line 37, in get_by_natural_key
    return self.get(**{self.model.USERNAME_FIELD: username})
           ^^^^^^^^^^^^^^^^^^^^^^^^^^^^^^^^^^^^^^^^^^^^^^^^^
  File "/home/varshatr/virtualenv/tmsapplication/3.11/lib/python3.11/site-packages/django/db/models/manager.py", line 87, in manager_method
    return getattr(self.get_queryset(), name)(*args, **kwargs)
           ^^^^^^^^^^^^^^^^^^^^^^^^^^^^^^^^^^^^^^^^^^^^^^^^^^^
  File "/home/varshatr/virtualenv/tmsapplication/3.11/lib/python3.11/site-packages/django/db/models/query.py", line 629, in get
    num = len(clone)
          ^^^^^^^^^^
  File "/home/varshatr/virtualenv/tmsapplication/3.11/lib/python3.11/site-packages/django/db/models/query.py", line 366, in __len__
    self._fetch_all()
  File "/home/varshatr/virtualenv/tmsapplication/3.11/lib/python3.11/site-packages/django/db/models/query.py", line 1945, in _fetch_all
    self._result_cache = list(self._iterable_class(self))
                         ^^^^^^^^^^^^^^^^^^^^^^^^^^^^^^^^
  File "/home/varshatr/virtualenv/tmsapplication/3.11/lib/python3.11/site-packages/django/db/models/query.py", line 91, in __iter__
    results = compiler.execute_sql(
              ^^^^^^^^^^^^^^^^^^^^^
  File "/home/varshatr/virtualenv/tmsapplication/3.11/lib/python3.11/site-packages/django/db/models/sql/compiler.py", line 1621, in execute_sql
    cursor = self.connection.cursor()
             ^^^^^^^^^^^^^^^^^^^^^^^^
  File "/home/varshatr/virtualenv/tmsapplication/3.11/lib/python3.11/site-packages/django/utils/asyncio.py", line 26, in inner
    return func(*args, **kwargs)
           ^^^^^^^^^^^^^^^^^^^^^
  File "/home/varshatr/virtualenv/tmsapplication/3.11/lib/python3.11/site-packages/django/db/backends/base/base.py", line 320, in cursor
    return self._cursor()
           ^^^^^^^^^^^^^^
  File "/home/varshatr/virtualenv/tmsapplication/3.11/lib/python3.11/site-packages/django/db/backends/base/base.py", line 296, in _cursor
    self.ensure_connection()
  File "/home/varshatr/virtualenv/tmsapplication/3.11/lib/python3.11/site-packages/django/utils/asyncio.py", line 26, in inner
    return func(*args, **kwargs)
           ^^^^^^^^^^^^^^^^^^^^^
  File "/home/varshatr/virtualenv/tmsapplication/3.11/lib/python3.11/site-packages/django/db/backends/base/base.py", line 278, in ensure_connection
    with self.wrap_database_errors:
  File "/home/varshatr/virtualenv/tmsapplication/3.11/lib/python3.11/site-packages/django/db/utils.py", line 91, in __exit__
    raise dj_exc_value.with_traceback(traceback) from exc_value
  File "/home/varshatr/virtualenv/tmsapplication/3.11/lib/python3.11/site-packages/django/db/backends/base/base.py", line 279, in ensure_connection
    self.connect()
  File "/home/varshatr/virtualenv/tmsapplication/3.11/lib/python3.11/site-packages/django/utils/asyncio.py", line 26, in inner
    return func(*args, **kwargs)
           ^^^^^^^^^^^^^^^^^^^^^
  File "/home/varshatr/virtualenv/tmsapplication/3.11/lib/python3.11/site-packages/django/db/backends/base/base.py", line 256, in connect
    self.connection = self.get_new_connection(conn_params)
                      ^^^^^^^^^^^^^^^^^^^^^^^^^^^^^^^^^^^^
  File "/home/varshatr/virtualenv/tmsapplication/3.11/lib/python3.11/site-packages/django/utils/asyncio.py", line 26, in inner
    return func(*args, **kwargs)
           ^^^^^^^^^^^^^^^^^^^^^
  File "/home/varshatr/virtualenv/tmsapplication/3.11/lib/python3.11/site-packages/django/db/backends/mysql/base.py", line 256, in get_new_connection
    connection = Database.connect(**conn_params)
                 ^^^^^^^^^^^^^^^^^^^^^^^^^^^^^^^
  File "/home/varshatr/virtualenv/tmsapplication/3.11/lib/python3.11/site-packages/pymysql/connections.py", line 365, in __init__
    self.connect()
  File "/home/varshatr/virtualenv/tmsapplication/3.11/lib/python3.11/site-packages/pymysql/connections.py", line 681, in connect
    self._request_authentication()
  File "/home/varshatr/virtualenv/tmsapplication/3.11/lib/python3.11/site-packages/pymysql/connections.py", line 958, in _request_authentication
    auth_packet = self._read_packet()
                  ^^^^^^^^^^^^^^^^^^^
  File "/home/varshatr/virtualenv/tmsapplication/3.11/lib/python3.11/site-packages/pymysql/connections.py", line 782, in _read_packet
    packet.raise_for_error()
  File "/home/varshatr/virtualenv/tmsapplication/3.11/lib/python3.11/site-packages/pymysql/protocol.py", line 219, in raise_for_error
    err.raise_mysql_exception(self._data)
  File "/home/varshatr/virtualenv/tmsapplication/3.11/lib/python3.11/site-packages/pymysql/err.py", line 150, in raise_mysql_exception
    raise errorclass(errno, errval)
django.db.utils.OperationalError: (1045, "Access denied for user 'varshatr_admin'@'127.0.0.1' (using password: YES)")
Internal Server Error: /login/
Traceback (most recent call last):
  File "/home/varshatr/virtualenv/tmsapplication/3.11/lib/python3.11/site-packages/django/db/backends/base/base.py", line 279, in ensure_connection
    self.connect()
  File "/home/varshatr/virtualenv/tmsapplication/3.11/lib/python3.11/site-packages/django/utils/asyncio.py", line 26, in inner
    return func(*args, **kwargs)
           ^^^^^^^^^^^^^^^^^^^^^
  File "/home/varshatr/virtualenv/tmsapplication/3.11/lib/python3.11/site-packages/django/db/backends/base/base.py", line 256, in connect
    self.connection = self.get_new_connection(conn_params)
                      ^^^^^^^^^^^^^^^^^^^^^^^^^^^^^^^^^^^^
  File "/home/varshatr/virtualenv/tmsapplication/3.11/lib/python3.11/site-packages/django/utils/asyncio.py", line 26, in inner
    return func(*args, **kwargs)
           ^^^^^^^^^^^^^^^^^^^^^
  File "/home/varshatr/virtualenv/tmsapplication/3.11/lib/python3.11/site-packages/django/db/backends/mysql/base.py", line 256, in get_new_connection
    connection = Database.connect(**conn_params)
                 ^^^^^^^^^^^^^^^^^^^^^^^^^^^^^^^
  File "/home/varshatr/virtualenv/tmsapplication/3.11/lib/python3.11/site-packages/pymysql/connections.py", line 365, in __init__
    self.connect()
  File "/home/varshatr/virtualenv/tmsapplication/3.11/lib/python3.11/site-packages/pymysql/connections.py", line 681, in connect
    self._request_authentication()
  File "/home/varshatr/virtualenv/tmsapplication/3.11/lib/python3.11/site-packages/pymysql/connections.py", line 958, in _request_authentication
    auth_packet = self._read_packet()
                  ^^^^^^^^^^^^^^^^^^^
  File "/home/varshatr/virtualenv/tmsapplication/3.11/lib/python3.11/site-packages/pymysql/connections.py", line 782, in _read_packet
    packet.raise_for_error()
  File "/home/varshatr/virtualenv/tmsapplication/3.11/lib/python3.11/site-packages/pymysql/protocol.py", line 219, in raise_for_error
    err.raise_mysql_exception(self._data)
  File "/home/varshatr/virtualenv/tmsapplication/3.11/lib/python3.11/site-packages/pymysql/err.py", line 150, in raise_mysql_exception
    raise errorclass(errno, errval)
pymysql.err.OperationalError: (1045, "Access denied for user 'varshatr_admin'@'127.0.0.1' (using password: YES)")

The above exception was the direct cause of the following exception:

Traceback (most recent call last):
  File "/home/varshatr/virtualenv/tmsapplication/3.11/lib/python3.11/site-packages/django/core/handlers/exception.py", line 55, in inner
    response = get_response(request)
               ^^^^^^^^^^^^^^^^^^^^^
  File "/home/varshatr/virtualenv/tmsapplication/3.11/lib/python3.11/site-packages/django/core/handlers/base.py", line 197, in _get_response
    response = wrapped_callback(request, *callback_args, **callback_kwargs)
               ^^^^^^^^^^^^^^^^^^^^^^^^^^^^^^^^^^^^^^^^^^^^^^^^^^^^^^^^^^^^
  File "/home/varshatr/tmsapplication/main/views.py", line 190, in user_login
    user = authenticate(request, username=username, password=password)
           ^^^^^^^^^^^^^^^^^^^^^^^^^^^^^^^^^^^^^^^^^^^^^^^^^^^^^^^^^^^
  File "/home/varshatr/virtualenv/tmsapplication/3.11/lib/python3.11/site-packages/django/views/decorators/debug.py", line 75, in sensitive_variables_wrapper
    return func(*func_args, **func_kwargs)
           ^^^^^^^^^^^^^^^^^^^^^^^^^^^^^^^
  File "/home/varshatr/virtualenv/tmsapplication/3.11/lib/python3.11/site-packages/django/contrib/auth/__init__.py", line 114, in authenticate
    user = backend.authenticate(request, **credentials)
           ^^^^^^^^^^^^^^^^^^^^^^^^^^^^^^^^^^^^^^^^^^^^
  File "/home/varshatr/virtualenv/tmsapplication/3.11/lib/python3.11/site-packages/django/contrib/auth/backends.py", line 65, in authenticate
    user = UserModel._default_manager.get_by_natural_key(username)
           ^^^^^^^^^^^^^^^^^^^^^^^^^^^^^^^^^^^^^^^^^^^^^^^^^^^^^^^
  File "/home/varshatr/virtualenv/tmsapplication/3.11/lib/python3.11/site-packages/django/contrib/auth/base_user.py", line 37, in get_by_natural_key
    return self.get(**{self.model.USERNAME_FIELD: username})
           ^^^^^^^^^^^^^^^^^^^^^^^^^^^^^^^^^^^^^^^^^^^^^^^^^
  File "/home/varshatr/virtualenv/tmsapplication/3.11/lib/python3.11/site-packages/django/db/models/manager.py", line 87, in manager_method
    return getattr(self.get_queryset(), name)(*args, **kwargs)
           ^^^^^^^^^^^^^^^^^^^^^^^^^^^^^^^^^^^^^^^^^^^^^^^^^^^
  File "/home/varshatr/virtualenv/tmsapplication/3.11/lib/python3.11/site-packages/django/db/models/query.py", line 629, in get
    num = len(clone)
          ^^^^^^^^^^
  File "/home/varshatr/virtualenv/tmsapplication/3.11/lib/python3.11/site-packages/django/db/models/query.py", line 366, in __len__
    self._fetch_all()
  File "/home/varshatr/virtualenv/tmsapplication/3.11/lib/python3.11/site-packages/django/db/models/query.py", line 1945, in _fetch_all
    self._result_cache = list(self._iterable_class(self))
                         ^^^^^^^^^^^^^^^^^^^^^^^^^^^^^^^^
  File "/home/varshatr/virtualenv/tmsapplication/3.11/lib/python3.11/site-packages/django/db/models/query.py", line 91, in __iter__
    results = compiler.execute_sql(
              ^^^^^^^^^^^^^^^^^^^^^
  File "/home/varshatr/virtualenv/tmsapplication/3.11/lib/python3.11/site-packages/django/db/models/sql/compiler.py", line 1621, in execute_sql
    cursor = self.connection.cursor()
             ^^^^^^^^^^^^^^^^^^^^^^^^
  File "/home/varshatr/virtualenv/tmsapplication/3.11/lib/python3.11/site-packages/django/utils/asyncio.py", line 26, in inner
    return func(*args, **kwargs)
           ^^^^^^^^^^^^^^^^^^^^^
  File "/home/varshatr/virtualenv/tmsapplication/3.11/lib/python3.11/site-packages/django/db/backends/base/base.py", line 320, in cursor
    return self._cursor()
           ^^^^^^^^^^^^^^
  File "/home/varshatr/virtualenv/tmsapplication/3.11/lib/python3.11/site-packages/django/db/backends/base/base.py", line 296, in _cursor
    self.ensure_connection()
  File "/home/varshatr/virtualenv/tmsapplication/3.11/lib/python3.11/site-packages/django/utils/asyncio.py", line 26, in inner
    return func(*args, **kwargs)
           ^^^^^^^^^^^^^^^^^^^^^
  File "/home/varshatr/virtualenv/tmsapplication/3.11/lib/python3.11/site-packages/django/db/backends/base/base.py", line 278, in ensure_connection
    with self.wrap_database_errors:
  File "/home/varshatr/virtualenv/tmsapplication/3.11/lib/python3.11/site-packages/django/db/utils.py", line 91, in __exit__
    raise dj_exc_value.with_traceback(traceback) from exc_value
  File "/home/varshatr/virtualenv/tmsapplication/3.11/lib/python3.11/site-packages/django/db/backends/base/base.py", line 279, in ensure_connection
    self.connect()
  File "/home/varshatr/virtualenv/tmsapplication/3.11/lib/python3.11/site-packages/django/utils/asyncio.py", line 26, in inner
    return func(*args, **kwargs)
           ^^^^^^^^^^^^^^^^^^^^^
  File "/home/varshatr/virtualenv/tmsapplication/3.11/lib/python3.11/site-packages/django/db/backends/base/base.py", line 256, in connect
    self.connection = self.get_new_connection(conn_params)
                      ^^^^^^^^^^^^^^^^^^^^^^^^^^^^^^^^^^^^
  File "/home/varshatr/virtualenv/tmsapplication/3.11/lib/python3.11/site-packages/django/utils/asyncio.py", line 26, in inner
    return func(*args, **kwargs)
           ^^^^^^^^^^^^^^^^^^^^^
  File "/home/varshatr/virtualenv/tmsapplication/3.11/lib/python3.11/site-packages/django/db/backends/mysql/base.py", line 256, in get_new_connection
    connection = Database.connect(**conn_params)
                 ^^^^^^^^^^^^^^^^^^^^^^^^^^^^^^^
  File "/home/varshatr/virtualenv/tmsapplication/3.11/lib/python3.11/site-packages/pymysql/connections.py", line 365, in __init__
    self.connect()
  File "/home/varshatr/virtualenv/tmsapplication/3.11/lib/python3.11/site-packages/pymysql/connections.py", line 681, in connect
    self._request_authentication()
  File "/home/varshatr/virtualenv/tmsapplication/3.11/lib/python3.11/site-packages/pymysql/connections.py", line 958, in _request_authentication
    auth_packet = self._read_packet()
                  ^^^^^^^^^^^^^^^^^^^
  File "/home/varshatr/virtualenv/tmsapplication/3.11/lib/python3.11/site-packages/pymysql/connections.py", line 782, in _read_packet
    packet.raise_for_error()
  File "/home/varshatr/virtualenv/tmsapplication/3.11/lib/python3.11/site-packages/pymysql/protocol.py", line 219, in raise_for_error
    err.raise_mysql_exception(self._data)
  File "/home/varshatr/virtualenv/tmsapplication/3.11/lib/python3.11/site-packages/pymysql/err.py", line 150, in raise_mysql_exception
    raise errorclass(errno, errval)
django.db.utils.OperationalError: (1045, "Access denied for user 'varshatr_admin'@'127.0.0.1' (using password: YES)")
Internal Server Error: /login/
Traceback (most recent call last):
  File "/home/varshatr/virtualenv/tmsapplication/3.11/lib/python3.11/site-packages/django/db/backends/base/base.py", line 279, in ensure_connection
    self.connect()
  File "/home/varshatr/virtualenv/tmsapplication/3.11/lib/python3.11/site-packages/django/utils/asyncio.py", line 26, in inner
    return func(*args, **kwargs)
           ^^^^^^^^^^^^^^^^^^^^^
  File "/home/varshatr/virtualenv/tmsapplication/3.11/lib/python3.11/site-packages/django/db/backends/base/base.py", line 256, in connect
    self.connection = self.get_new_connection(conn_params)
                      ^^^^^^^^^^^^^^^^^^^^^^^^^^^^^^^^^^^^
  File "/home/varshatr/virtualenv/tmsapplication/3.11/lib/python3.11/site-packages/django/utils/asyncio.py", line 26, in inner
    return func(*args, **kwargs)
           ^^^^^^^^^^^^^^^^^^^^^
  File "/home/varshatr/virtualenv/tmsapplication/3.11/lib/python3.11/site-packages/django/db/backends/mysql/base.py", line 256, in get_new_connection
    connection = Database.connect(**conn_params)
                 ^^^^^^^^^^^^^^^^^^^^^^^^^^^^^^^
  File "/home/varshatr/virtualenv/tmsapplication/3.11/lib/python3.11/site-packages/pymysql/connections.py", line 365, in __init__
    self.connect()
  File "/home/varshatr/virtualenv/tmsapplication/3.11/lib/python3.11/site-packages/pymysql/connections.py", line 681, in connect
    self._request_authentication()
  File "/home/varshatr/virtualenv/tmsapplication/3.11/lib/python3.11/site-packages/pymysql/connections.py", line 958, in _request_authentication
    auth_packet = self._read_packet()
                  ^^^^^^^^^^^^^^^^^^^
  File "/home/varshatr/virtualenv/tmsapplication/3.11/lib/python3.11/site-packages/pymysql/connections.py", line 782, in _read_packet
    packet.raise_for_error()
  File "/home/varshatr/virtualenv/tmsapplication/3.11/lib/python3.11/site-packages/pymysql/protocol.py", line 219, in raise_for_error
    err.raise_mysql_exception(self._data)
  File "/home/varshatr/virtualenv/tmsapplication/3.11/lib/python3.11/site-packages/pymysql/err.py", line 150, in raise_mysql_exception
    raise errorclass(errno, errval)
pymysql.err.OperationalError: (1045, "Access denied for user 'varshatr_admin'@'127.0.0.1' (using password: YES)")

The above exception was the direct cause of the following exception:

Traceback (most recent call last):
  File "/home/varshatr/virtualenv/tmsapplication/3.11/lib/python3.11/site-packages/django/core/handlers/exception.py", line 55, in inner
    response = get_response(request)
               ^^^^^^^^^^^^^^^^^^^^^
  File "/home/varshatr/virtualenv/tmsapplication/3.11/lib/python3.11/site-packages/django/core/handlers/base.py", line 197, in _get_response
    response = wrapped_callback(request, *callback_args, **callback_kwargs)
               ^^^^^^^^^^^^^^^^^^^^^^^^^^^^^^^^^^^^^^^^^^^^^^^^^^^^^^^^^^^^
  File "/home/varshatr/tmsapplication/main/views.py", line 190, in user_login
    user = authenticate(request, username=username, password=password)
           ^^^^^^^^^^^^^^^^^^^^^^^^^^^^^^^^^^^^^^^^^^^^^^^^^^^^^^^^^^^
  File "/home/varshatr/virtualenv/tmsapplication/3.11/lib/python3.11/site-packages/django/views/decorators/debug.py", line 75, in sensitive_variables_wrapper
    return func(*func_args, **func_kwargs)
           ^^^^^^^^^^^^^^^^^^^^^^^^^^^^^^^
  File "/home/varshatr/virtualenv/tmsapplication/3.11/lib/python3.11/site-packages/django/contrib/auth/__init__.py", line 114, in authenticate
    user = backend.authenticate(request, **credentials)
           ^^^^^^^^^^^^^^^^^^^^^^^^^^^^^^^^^^^^^^^^^^^^
  File "/home/varshatr/virtualenv/tmsapplication/3.11/lib/python3.11/site-packages/django/contrib/auth/backends.py", line 65, in authenticate
    user = UserModel._default_manager.get_by_natural_key(username)
           ^^^^^^^^^^^^^^^^^^^^^^^^^^^^^^^^^^^^^^^^^^^^^^^^^^^^^^^
  File "/home/varshatr/virtualenv/tmsapplication/3.11/lib/python3.11/site-packages/django/contrib/auth/base_user.py", line 37, in get_by_natural_key
    return self.get(**{self.model.USERNAME_FIELD: username})
           ^^^^^^^^^^^^^^^^^^^^^^^^^^^^^^^^^^^^^^^^^^^^^^^^^
  File "/home/varshatr/virtualenv/tmsapplication/3.11/lib/python3.11/site-packages/django/db/models/manager.py", line 87, in manager_method
    return getattr(self.get_queryset(), name)(*args, **kwargs)
           ^^^^^^^^^^^^^^^^^^^^^^^^^^^^^^^^^^^^^^^^^^^^^^^^^^^
  File "/home/varshatr/virtualenv/tmsapplication/3.11/lib/python3.11/site-packages/django/db/models/query.py", line 629, in get
    num = len(clone)
          ^^^^^^^^^^
  File "/home/varshatr/virtualenv/tmsapplication/3.11/lib/python3.11/site-packages/django/db/models/query.py", line 366, in __len__
    self._fetch_all()
  File "/home/varshatr/virtualenv/tmsapplication/3.11/lib/python3.11/site-packages/django/db/models/query.py", line 1945, in _fetch_all
    self._result_cache = list(self._iterable_class(self))
                         ^^^^^^^^^^^^^^^^^^^^^^^^^^^^^^^^
  File "/home/varshatr/virtualenv/tmsapplication/3.11/lib/python3.11/site-packages/django/db/models/query.py", line 91, in __iter__
    results = compiler.execute_sql(
              ^^^^^^^^^^^^^^^^^^^^^
  File "/home/varshatr/virtualenv/tmsapplication/3.11/lib/python3.11/site-packages/django/db/models/sql/compiler.py", line 1621, in execute_sql
    cursor = self.connection.cursor()
             ^^^^^^^^^^^^^^^^^^^^^^^^
  File "/home/varshatr/virtualenv/tmsapplication/3.11/lib/python3.11/site-packages/django/utils/asyncio.py", line 26, in inner
    return func(*args, **kwargs)
           ^^^^^^^^^^^^^^^^^^^^^
  File "/home/varshatr/virtualenv/tmsapplication/3.11/lib/python3.11/site-packages/django/db/backends/base/base.py", line 320, in cursor
    return self._cursor()
           ^^^^^^^^^^^^^^
  File "/home/varshatr/virtualenv/tmsapplication/3.11/lib/python3.11/site-packages/django/db/backends/base/base.py", line 296, in _cursor
    self.ensure_connection()
  File "/home/varshatr/virtualenv/tmsapplication/3.11/lib/python3.11/site-packages/django/utils/asyncio.py", line 26, in inner
    return func(*args, **kwargs)
           ^^^^^^^^^^^^^^^^^^^^^
  File "/home/varshatr/virtualenv/tmsapplication/3.11/lib/python3.11/site-packages/django/db/backends/base/base.py", line 278, in ensure_connection
    with self.wrap_database_errors:
  File "/home/varshatr/virtualenv/tmsapplication/3.11/lib/python3.11/site-packages/django/db/utils.py", line 91, in __exit__
    raise dj_exc_value.with_traceback(traceback) from exc_value
  File "/home/varshatr/virtualenv/tmsapplication/3.11/lib/python3.11/site-packages/django/db/backends/base/base.py", line 279, in ensure_connection
    self.connect()
  File "/home/varshatr/virtualenv/tmsapplication/3.11/lib/python3.11/site-packages/django/utils/asyncio.py", line 26, in inner
    return func(*args, **kwargs)
           ^^^^^^^^^^^^^^^^^^^^^
  File "/home/varshatr/virtualenv/tmsapplication/3.11/lib/python3.11/site-packages/django/db/backends/base/base.py", line 256, in connect
    self.connection = self.get_new_connection(conn_params)
                      ^^^^^^^^^^^^^^^^^^^^^^^^^^^^^^^^^^^^
  File "/home/varshatr/virtualenv/tmsapplication/3.11/lib/python3.11/site-packages/django/utils/asyncio.py", line 26, in inner
    return func(*args, **kwargs)
           ^^^^^^^^^^^^^^^^^^^^^
  File "/home/varshatr/virtualenv/tmsapplication/3.11/lib/python3.11/site-packages/django/db/backends/mysql/base.py", line 256, in get_new_connection
    connection = Database.connect(**conn_params)
                 ^^^^^^^^^^^^^^^^^^^^^^^^^^^^^^^
  File "/home/varshatr/virtualenv/tmsapplication/3.11/lib/python3.11/site-packages/pymysql/connections.py", line 365, in __init__
    self.connect()
  File "/home/varshatr/virtualenv/tmsapplication/3.11/lib/python3.11/site-packages/pymysql/connections.py", line 681, in connect
    self._request_authentication()
  File "/home/varshatr/virtualenv/tmsapplication/3.11/lib/python3.11/site-packages/pymysql/connections.py", line 958, in _request_authentication
    auth_packet = self._read_packet()
                  ^^^^^^^^^^^^^^^^^^^
  File "/home/varshatr/virtualenv/tmsapplication/3.11/lib/python3.11/site-packages/pymysql/connections.py", line 782, in _read_packet
    packet.raise_for_error()
  File "/home/varshatr/virtualenv/tmsapplication/3.11/lib/python3.11/site-packages/pymysql/protocol.py", line 219, in raise_for_error
    err.raise_mysql_exception(self._data)
  File "/home/varshatr/virtualenv/tmsapplication/3.11/lib/python3.11/site-packages/pymysql/err.py", line 150, in raise_mysql_exception
    raise errorclass(errno, errval)
django.db.utils.OperationalError: (1045, "Access denied for user 'varshatr_admin'@'127.0.0.1' (using password: YES)")
Internal Server Error: /login/
Traceback (most recent call last):
  File "/home/varshatr/virtualenv/tmsapplication/3.11/lib/python3.11/site-packages/django/db/backends/base/base.py", line 279, in ensure_connection
    self.connect()
  File "/home/varshatr/virtualenv/tmsapplication/3.11/lib/python3.11/site-packages/django/utils/asyncio.py", line 26, in inner
    return func(*args, **kwargs)
           ^^^^^^^^^^^^^^^^^^^^^
  File "/home/varshatr/virtualenv/tmsapplication/3.11/lib/python3.11/site-packages/django/db/backends/base/base.py", line 256, in connect
    self.connection = self.get_new_connection(conn_params)
                      ^^^^^^^^^^^^^^^^^^^^^^^^^^^^^^^^^^^^
  File "/home/varshatr/virtualenv/tmsapplication/3.11/lib/python3.11/site-packages/django/utils/asyncio.py", line 26, in inner
    return func(*args, **kwargs)
           ^^^^^^^^^^^^^^^^^^^^^
  File "/home/varshatr/virtualenv/tmsapplication/3.11/lib/python3.11/site-packages/django/db/backends/mysql/base.py", line 256, in get_new_connection
    connection = Database.connect(**conn_params)
                 ^^^^^^^^^^^^^^^^^^^^^^^^^^^^^^^
  File "/home/varshatr/virtualenv/tmsapplication/3.11/lib/python3.11/site-packages/pymysql/connections.py", line 365, in __init__
    self.connect()
  File "/home/varshatr/virtualenv/tmsapplication/3.11/lib/python3.11/site-packages/pymysql/connections.py", line 681, in connect
    self._request_authentication()
  File "/home/varshatr/virtualenv/tmsapplication/3.11/lib/python3.11/site-packages/pymysql/connections.py", line 958, in _request_authentication
    auth_packet = self._read_packet()
                  ^^^^^^^^^^^^^^^^^^^
  File "/home/varshatr/virtualenv/tmsapplication/3.11/lib/python3.11/site-packages/pymysql/connections.py", line 782, in _read_packet
    packet.raise_for_error()
  File "/home/varshatr/virtualenv/tmsapplication/3.11/lib/python3.11/site-packages/pymysql/protocol.py", line 219, in raise_for_error
    err.raise_mysql_exception(self._data)
  File "/home/varshatr/virtualenv/tmsapplication/3.11/lib/python3.11/site-packages/pymysql/err.py", line 150, in raise_mysql_exception
    raise errorclass(errno, errval)
pymysql.err.OperationalError: (1045, "Access denied for user 'varshatr_admin'@'127.0.0.1' (using password: YES)")

The above exception was the direct cause of the following exception:

Traceback (most recent call last):
  File "/home/varshatr/virtualenv/tmsapplication/3.11/lib/python3.11/site-packages/django/core/handlers/exception.py", line 55, in inner
    response = get_response(request)
               ^^^^^^^^^^^^^^^^^^^^^
  File "/home/varshatr/virtualenv/tmsapplication/3.11/lib/python3.11/site-packages/django/core/handlers/base.py", line 197, in _get_response
    response = wrapped_callback(request, *callback_args, **callback_kwargs)
               ^^^^^^^^^^^^^^^^^^^^^^^^^^^^^^^^^^^^^^^^^^^^^^^^^^^^^^^^^^^^
  File "/home/varshatr/tmsapplication/main/views.py", line 190, in user_login
    user = authenticate(request, username=username, password=password)
           ^^^^^^^^^^^^^^^^^^^^^^^^^^^^^^^^^^^^^^^^^^^^^^^^^^^^^^^^^^^
  File "/home/varshatr/virtualenv/tmsapplication/3.11/lib/python3.11/site-packages/django/views/decorators/debug.py", line 75, in sensitive_variables_wrapper
    return func(*func_args, **func_kwargs)
           ^^^^^^^^^^^^^^^^^^^^^^^^^^^^^^^
  File "/home/varshatr/virtualenv/tmsapplication/3.11/lib/python3.11/site-packages/django/contrib/auth/__init__.py", line 114, in authenticate
    user = backend.authenticate(request, **credentials)
           ^^^^^^^^^^^^^^^^^^^^^^^^^^^^^^^^^^^^^^^^^^^^
  File "/home/varshatr/virtualenv/tmsapplication/3.11/lib/python3.11/site-packages/django/contrib/auth/backends.py", line 65, in authenticate
    user = UserModel._default_manager.get_by_natural_key(username)
           ^^^^^^^^^^^^^^^^^^^^^^^^^^^^^^^^^^^^^^^^^^^^^^^^^^^^^^^
  File "/home/varshatr/virtualenv/tmsapplication/3.11/lib/python3.11/site-packages/django/contrib/auth/base_user.py", line 37, in get_by_natural_key
    return self.get(**{self.model.USERNAME_FIELD: username})
           ^^^^^^^^^^^^^^^^^^^^^^^^^^^^^^^^^^^^^^^^^^^^^^^^^
  File "/home/varshatr/virtualenv/tmsapplication/3.11/lib/python3.11/site-packages/django/db/models/manager.py", line 87, in manager_method
    return getattr(self.get_queryset(), name)(*args, **kwargs)
           ^^^^^^^^^^^^^^^^^^^^^^^^^^^^^^^^^^^^^^^^^^^^^^^^^^^
  File "/home/varshatr/virtualenv/tmsapplication/3.11/lib/python3.11/site-packages/django/db/models/query.py", line 629, in get
    num = len(clone)
          ^^^^^^^^^^
  File "/home/varshatr/virtualenv/tmsapplication/3.11/lib/python3.11/site-packages/django/db/models/query.py", line 366, in __len__
    self._fetch_all()
  File "/home/varshatr/virtualenv/tmsapplication/3.11/lib/python3.11/site-packages/django/db/models/query.py", line 1945, in _fetch_all
    self._result_cache = list(self._iterable_class(self))
                         ^^^^^^^^^^^^^^^^^^^^^^^^^^^^^^^^
  File "/home/varshatr/virtualenv/tmsapplication/3.11/lib/python3.11/site-packages/django/db/models/query.py", line 91, in __iter__
    results = compiler.execute_sql(
              ^^^^^^^^^^^^^^^^^^^^^
  File "/home/varshatr/virtualenv/tmsapplication/3.11/lib/python3.11/site-packages/django/db/models/sql/compiler.py", line 1621, in execute_sql
    cursor = self.connection.cursor()
             ^^^^^^^^^^^^^^^^^^^^^^^^
  File "/home/varshatr/virtualenv/tmsapplication/3.11/lib/python3.11/site-packages/django/utils/asyncio.py", line 26, in inner
    return func(*args, **kwargs)
           ^^^^^^^^^^^^^^^^^^^^^
  File "/home/varshatr/virtualenv/tmsapplication/3.11/lib/python3.11/site-packages/django/db/backends/base/base.py", line 320, in cursor
    return self._cursor()
           ^^^^^^^^^^^^^^
  File "/home/varshatr/virtualenv/tmsapplication/3.11/lib/python3.11/site-packages/django/db/backends/base/base.py", line 296, in _cursor
    self.ensure_connection()
  File "/home/varshatr/virtualenv/tmsapplication/3.11/lib/python3.11/site-packages/django/utils/asyncio.py", line 26, in inner
    return func(*args, **kwargs)
           ^^^^^^^^^^^^^^^^^^^^^
  File "/home/varshatr/virtualenv/tmsapplication/3.11/lib/python3.11/site-packages/django/db/backends/base/base.py", line 278, in ensure_connection
    with self.wrap_database_errors:
  File "/home/varshatr/virtualenv/tmsapplication/3.11/lib/python3.11/site-packages/django/db/utils.py", line 91, in __exit__
    raise dj_exc_value.with_traceback(traceback) from exc_value
  File "/home/varshatr/virtualenv/tmsapplication/3.11/lib/python3.11/site-packages/django/db/backends/base/base.py", line 279, in ensure_connection
    self.connect()
  File "/home/varshatr/virtualenv/tmsapplication/3.11/lib/python3.11/site-packages/django/utils/asyncio.py", line 26, in inner
    return func(*args, **kwargs)
           ^^^^^^^^^^^^^^^^^^^^^
  File "/home/varshatr/virtualenv/tmsapplication/3.11/lib/python3.11/site-packages/django/db/backends/base/base.py", line 256, in connect
    self.connection = self.get_new_connection(conn_params)
                      ^^^^^^^^^^^^^^^^^^^^^^^^^^^^^^^^^^^^
  File "/home/varshatr/virtualenv/tmsapplication/3.11/lib/python3.11/site-packages/django/utils/asyncio.py", line 26, in inner
    return func(*args, **kwargs)
           ^^^^^^^^^^^^^^^^^^^^^
  File "/home/varshatr/virtualenv/tmsapplication/3.11/lib/python3.11/site-packages/django/db/backends/mysql/base.py", line 256, in get_new_connection
    connection = Database.connect(**conn_params)
                 ^^^^^^^^^^^^^^^^^^^^^^^^^^^^^^^
  File "/home/varshatr/virtualenv/tmsapplication/3.11/lib/python3.11/site-packages/pymysql/connections.py", line 365, in __init__
    self.connect()
  File "/home/varshatr/virtualenv/tmsapplication/3.11/lib/python3.11/site-packages/pymysql/connections.py", line 681, in connect
    self._request_authentication()
  File "/home/varshatr/virtualenv/tmsapplication/3.11/lib/python3.11/site-packages/pymysql/connections.py", line 958, in _request_authentication
    auth_packet = self._read_packet()
                  ^^^^^^^^^^^^^^^^^^^
  File "/home/varshatr/virtualenv/tmsapplication/3.11/lib/python3.11/site-packages/pymysql/connections.py", line 782, in _read_packet
    packet.raise_for_error()
  File "/home/varshatr/virtualenv/tmsapplication/3.11/lib/python3.11/site-packages/pymysql/protocol.py", line 219, in raise_for_error
    err.raise_mysql_exception(self._data)
  File "/home/varshatr/virtualenv/tmsapplication/3.11/lib/python3.11/site-packages/pymysql/err.py", line 150, in raise_mysql_exception
    raise errorclass(errno, errval)
django.db.utils.OperationalError: (1045, "Access denied for user 'varshatr_admin'@'127.0.0.1' (using password: YES)")
Internal Server Error: /login/
Traceback (most recent call last):
  File "/home/varshatr/virtualenv/tmsapplication/3.11/lib/python3.11/site-packages/django/db/backends/base/base.py", line 279, in ensure_connection
    self.connect()
  File "/home/varshatr/virtualenv/tmsapplication/3.11/lib/python3.11/site-packages/django/utils/asyncio.py", line 26, in inner
    return func(*args, **kwargs)
           ^^^^^^^^^^^^^^^^^^^^^
  File "/home/varshatr/virtualenv/tmsapplication/3.11/lib/python3.11/site-packages/django/db/backends/base/base.py", line 256, in connect
    self.connection = self.get_new_connection(conn_params)
                      ^^^^^^^^^^^^^^^^^^^^^^^^^^^^^^^^^^^^
  File "/home/varshatr/virtualenv/tmsapplication/3.11/lib/python3.11/site-packages/django/utils/asyncio.py", line 26, in inner
    return func(*args, **kwargs)
           ^^^^^^^^^^^^^^^^^^^^^
  File "/home/varshatr/virtualenv/tmsapplication/3.11/lib/python3.11/site-packages/django/db/backends/mysql/base.py", line 256, in get_new_connection
    connection = Database.connect(**conn_params)
                 ^^^^^^^^^^^^^^^^^^^^^^^^^^^^^^^
  File "/home/varshatr/virtualenv/tmsapplication/3.11/lib/python3.11/site-packages/pymysql/connections.py", line 365, in __init__
    self.connect()
  File "/home/varshatr/virtualenv/tmsapplication/3.11/lib/python3.11/site-packages/pymysql/connections.py", line 681, in connect
    self._request_authentication()
  File "/home/varshatr/virtualenv/tmsapplication/3.11/lib/python3.11/site-packages/pymysql/connections.py", line 958, in _request_authentication
    auth_packet = self._read_packet()
                  ^^^^^^^^^^^^^^^^^^^
  File "/home/varshatr/virtualenv/tmsapplication/3.11/lib/python3.11/site-packages/pymysql/connections.py", line 782, in _read_packet
    packet.raise_for_error()
  File "/home/varshatr/virtualenv/tmsapplication/3.11/lib/python3.11/site-packages/pymysql/protocol.py", line 219, in raise_for_error
    err.raise_mysql_exception(self._data)
  File "/home/varshatr/virtualenv/tmsapplication/3.11/lib/python3.11/site-packages/pymysql/err.py", line 150, in raise_mysql_exception
    raise errorclass(errno, errval)
pymysql.err.OperationalError: (1045, "Access denied for user 'varshatr_admin'@'127.0.0.1' (using password: YES)")

The above exception was the direct cause of the following exception:

Traceback (most recent call last):
  File "/home/varshatr/virtualenv/tmsapplication/3.11/lib/python3.11/site-packages/django/core/handlers/exception.py", line 55, in inner
    response = get_response(request)
               ^^^^^^^^^^^^^^^^^^^^^
  File "/home/varshatr/virtualenv/tmsapplication/3.11/lib/python3.11/site-packages/django/core/handlers/base.py", line 197, in _get_response
    response = wrapped_callback(request, *callback_args, **callback_kwargs)
               ^^^^^^^^^^^^^^^^^^^^^^^^^^^^^^^^^^^^^^^^^^^^^^^^^^^^^^^^^^^^
  File "/home/varshatr/tmsapplication/main/views.py", line 190, in user_login
    user = authenticate(request, username=username, password=password)
           ^^^^^^^^^^^^^^^^^^^^^^^^^^^^^^^^^^^^^^^^^^^^^^^^^^^^^^^^^^^
  File "/home/varshatr/virtualenv/tmsapplication/3.11/lib/python3.11/site-packages/django/views/decorators/debug.py", line 75, in sensitive_variables_wrapper
    return func(*func_args, **func_kwargs)
           ^^^^^^^^^^^^^^^^^^^^^^^^^^^^^^^
  File "/home/varshatr/virtualenv/tmsapplication/3.11/lib/python3.11/site-packages/django/contrib/auth/__init__.py", line 114, in authenticate
    user = backend.authenticate(request, **credentials)
           ^^^^^^^^^^^^^^^^^^^^^^^^^^^^^^^^^^^^^^^^^^^^
  File "/home/varshatr/virtualenv/tmsapplication/3.11/lib/python3.11/site-packages/django/contrib/auth/backends.py", line 65, in authenticate
    user = UserModel._default_manager.get_by_natural_key(username)
           ^^^^^^^^^^^^^^^^^^^^^^^^^^^^^^^^^^^^^^^^^^^^^^^^^^^^^^^
  File "/home/varshatr/virtualenv/tmsapplication/3.11/lib/python3.11/site-packages/django/contrib/auth/base_user.py", line 37, in get_by_natural_key
    return self.get(**{self.model.USERNAME_FIELD: username})
           ^^^^^^^^^^^^^^^^^^^^^^^^^^^^^^^^^^^^^^^^^^^^^^^^^
  File "/home/varshatr/virtualenv/tmsapplication/3.11/lib/python3.11/site-packages/django/db/models/manager.py", line 87, in manager_method
    return getattr(self.get_queryset(), name)(*args, **kwargs)
           ^^^^^^^^^^^^^^^^^^^^^^^^^^^^^^^^^^^^^^^^^^^^^^^^^^^
  File "/home/varshatr/virtualenv/tmsapplication/3.11/lib/python3.11/site-packages/django/db/models/query.py", line 629, in get
    num = len(clone)
          ^^^^^^^^^^
  File "/home/varshatr/virtualenv/tmsapplication/3.11/lib/python3.11/site-packages/django/db/models/query.py", line 366, in __len__
    self._fetch_all()
  File "/home/varshatr/virtualenv/tmsapplication/3.11/lib/python3.11/site-packages/django/db/models/query.py", line 1945, in _fetch_all
    self._result_cache = list(self._iterable_class(self))
                         ^^^^^^^^^^^^^^^^^^^^^^^^^^^^^^^^
  File "/home/varshatr/virtualenv/tmsapplication/3.11/lib/python3.11/site-packages/django/db/models/query.py", line 91, in __iter__
    results = compiler.execute_sql(
              ^^^^^^^^^^^^^^^^^^^^^
  File "/home/varshatr/virtualenv/tmsapplication/3.11/lib/python3.11/site-packages/django/db/models/sql/compiler.py", line 1621, in execute_sql
    cursor = self.connection.cursor()
             ^^^^^^^^^^^^^^^^^^^^^^^^
  File "/home/varshatr/virtualenv/tmsapplication/3.11/lib/python3.11/site-packages/django/utils/asyncio.py", line 26, in inner
    return func(*args, **kwargs)
           ^^^^^^^^^^^^^^^^^^^^^
  File "/home/varshatr/virtualenv/tmsapplication/3.11/lib/python3.11/site-packages/django/db/backends/base/base.py", line 320, in cursor
    return self._cursor()
           ^^^^^^^^^^^^^^
  File "/home/varshatr/virtualenv/tmsapplication/3.11/lib/python3.11/site-packages/django/db/backends/base/base.py", line 296, in _cursor
    self.ensure_connection()
  File "/home/varshatr/virtualenv/tmsapplication/3.11/lib/python3.11/site-packages/django/utils/asyncio.py", line 26, in inner
    return func(*args, **kwargs)
           ^^^^^^^^^^^^^^^^^^^^^
  File "/home/varshatr/virtualenv/tmsapplication/3.11/lib/python3.11/site-packages/django/db/backends/base/base.py", line 278, in ensure_connection
    with self.wrap_database_errors:
  File "/home/varshatr/virtualenv/tmsapplication/3.11/lib/python3.11/site-packages/django/db/utils.py", line 91, in __exit__
    raise dj_exc_value.with_traceback(traceback) from exc_value
  File "/home/varshatr/virtualenv/tmsapplication/3.11/lib/python3.11/site-packages/django/db/backends/base/base.py", line 279, in ensure_connection
    self.connect()
  File "/home/varshatr/virtualenv/tmsapplication/3.11/lib/python3.11/site-packages/django/utils/asyncio.py", line 26, in inner
    return func(*args, **kwargs)
           ^^^^^^^^^^^^^^^^^^^^^
  File "/home/varshatr/virtualenv/tmsapplication/3.11/lib/python3.11/site-packages/django/db/backends/base/base.py", line 256, in connect
    self.connection = self.get_new_connection(conn_params)
                      ^^^^^^^^^^^^^^^^^^^^^^^^^^^^^^^^^^^^
  File "/home/varshatr/virtualenv/tmsapplication/3.11/lib/python3.11/site-packages/django/utils/asyncio.py", line 26, in inner
    return func(*args, **kwargs)
           ^^^^^^^^^^^^^^^^^^^^^
  File "/home/varshatr/virtualenv/tmsapplication/3.11/lib/python3.11/site-packages/django/db/backends/mysql/base.py", line 256, in get_new_connection
    connection = Database.connect(**conn_params)
                 ^^^^^^^^^^^^^^^^^^^^^^^^^^^^^^^
  File "/home/varshatr/virtualenv/tmsapplication/3.11/lib/python3.11/site-packages/pymysql/connections.py", line 365, in __init__
    self.connect()
  File "/home/varshatr/virtualenv/tmsapplication/3.11/lib/python3.11/site-packages/pymysql/connections.py", line 681, in connect
    self._request_authentication()
  File "/home/varshatr/virtualenv/tmsapplication/3.11/lib/python3.11/site-packages/pymysql/connections.py", line 958, in _request_authentication
    auth_packet = self._read_packet()
                  ^^^^^^^^^^^^^^^^^^^
  File "/home/varshatr/virtualenv/tmsapplication/3.11/lib/python3.11/site-packages/pymysql/connections.py", line 782, in _read_packet
    packet.raise_for_error()
  File "/home/varshatr/virtualenv/tmsapplication/3.11/lib/python3.11/site-packages/pymysql/protocol.py", line 219, in raise_for_error
    err.raise_mysql_exception(self._data)
  File "/home/varshatr/virtualenv/tmsapplication/3.11/lib/python3.11/site-packages/pymysql/err.py", line 150, in raise_mysql_exception
    raise errorclass(errno, errval)
django.db.utils.OperationalError: (1045, "Access denied for user 'varshatr_admin'@'127.0.0.1' (using password: YES)")
Internal Server Error: /login/
Traceback (most recent call last):
  File "/home/varshatr/virtualenv/tmsapplication/3.11/lib/python3.11/site-packages/django/db/backends/base/base.py", line 279, in ensure_connection
    self.connect()
  File "/home/varshatr/virtualenv/tmsapplication/3.11/lib/python3.11/site-packages/django/utils/asyncio.py", line 26, in inner
    return func(*args, **kwargs)
           ^^^^^^^^^^^^^^^^^^^^^
  File "/home/varshatr/virtualenv/tmsapplication/3.11/lib/python3.11/site-packages/django/db/backends/base/base.py", line 256, in connect
    self.connection = self.get_new_connection(conn_params)
                      ^^^^^^^^^^^^^^^^^^^^^^^^^^^^^^^^^^^^
  File "/home/varshatr/virtualenv/tmsapplication/3.11/lib/python3.11/site-packages/django/utils/asyncio.py", line 26, in inner
    return func(*args, **kwargs)
           ^^^^^^^^^^^^^^^^^^^^^
  File "/home/varshatr/virtualenv/tmsapplication/3.11/lib/python3.11/site-packages/django/db/backends/mysql/base.py", line 256, in get_new_connection
    connection = Database.connect(**conn_params)
                 ^^^^^^^^^^^^^^^^^^^^^^^^^^^^^^^
  File "/home/varshatr/virtualenv/tmsapplication/3.11/lib/python3.11/site-packages/pymysql/connections.py", line 365, in __init__
    self.connect()
  File "/home/varshatr/virtualenv/tmsapplication/3.11/lib/python3.11/site-packages/pymysql/connections.py", line 681, in connect
    self._request_authentication()
  File "/home/varshatr/virtualenv/tmsapplication/3.11/lib/python3.11/site-packages/pymysql/connections.py", line 958, in _request_authentication
    auth_packet = self._read_packet()
                  ^^^^^^^^^^^^^^^^^^^
  File "/home/varshatr/virtualenv/tmsapplication/3.11/lib/python3.11/site-packages/pymysql/connections.py", line 782, in _read_packet
    packet.raise_for_error()
  File "/home/varshatr/virtualenv/tmsapplication/3.11/lib/python3.11/site-packages/pymysql/protocol.py", line 219, in raise_for_error
    err.raise_mysql_exception(self._data)
  File "/home/varshatr/virtualenv/tmsapplication/3.11/lib/python3.11/site-packages/pymysql/err.py", line 150, in raise_mysql_exception
    raise errorclass(errno, errval)
pymysql.err.OperationalError: (1045, "Access denied for user 'varshatr_admin'@'127.0.0.1' (using password: YES)")

The above exception was the direct cause of the following exception:

Traceback (most recent call last):
  File "/home/varshatr/virtualenv/tmsapplication/3.11/lib/python3.11/site-packages/django/core/handlers/exception.py", line 55, in inner
    response = get_response(request)
               ^^^^^^^^^^^^^^^^^^^^^
  File "/home/varshatr/virtualenv/tmsapplication/3.11/lib/python3.11/site-packages/django/core/handlers/base.py", line 197, in _get_response
    response = wrapped_callback(request, *callback_args, **callback_kwargs)
               ^^^^^^^^^^^^^^^^^^^^^^^^^^^^^^^^^^^^^^^^^^^^^^^^^^^^^^^^^^^^
  File "/home/varshatr/tmsapplication/main/views.py", line 190, in user_login
    user = authenticate(request, username=username, password=password)
           ^^^^^^^^^^^^^^^^^^^^^^^^^^^^^^^^^^^^^^^^^^^^^^^^^^^^^^^^^^^
  File "/home/varshatr/virtualenv/tmsapplication/3.11/lib/python3.11/site-packages/django/views/decorators/debug.py", line 75, in sensitive_variables_wrapper
    return func(*func_args, **func_kwargs)
           ^^^^^^^^^^^^^^^^^^^^^^^^^^^^^^^
  File "/home/varshatr/virtualenv/tmsapplication/3.11/lib/python3.11/site-packages/django/contrib/auth/__init__.py", line 114, in authenticate
    user = backend.authenticate(request, **credentials)
           ^^^^^^^^^^^^^^^^^^^^^^^^^^^^^^^^^^^^^^^^^^^^
  File "/home/varshatr/virtualenv/tmsapplication/3.11/lib/python3.11/site-packages/django/contrib/auth/backends.py", line 65, in authenticate
    user = UserModel._default_manager.get_by_natural_key(username)
           ^^^^^^^^^^^^^^^^^^^^^^^^^^^^^^^^^^^^^^^^^^^^^^^^^^^^^^^
  File "/home/varshatr/virtualenv/tmsapplication/3.11/lib/python3.11/site-packages/django/contrib/auth/base_user.py", line 37, in get_by_natural_key
    return self.get(**{self.model.USERNAME_FIELD: username})
           ^^^^^^^^^^^^^^^^^^^^^^^^^^^^^^^^^^^^^^^^^^^^^^^^^
  File "/home/varshatr/virtualenv/tmsapplication/3.11/lib/python3.11/site-packages/django/db/models/manager.py", line 87, in manager_method
    return getattr(self.get_queryset(), name)(*args, **kwargs)
           ^^^^^^^^^^^^^^^^^^^^^^^^^^^^^^^^^^^^^^^^^^^^^^^^^^^
  File "/home/varshatr/virtualenv/tmsapplication/3.11/lib/python3.11/site-packages/django/db/models/query.py", line 629, in get
    num = len(clone)
          ^^^^^^^^^^
  File "/home/varshatr/virtualenv/tmsapplication/3.11/lib/python3.11/site-packages/django/db/models/query.py", line 366, in __len__
    self._fetch_all()
  File "/home/varshatr/virtualenv/tmsapplication/3.11/lib/python3.11/site-packages/django/db/models/query.py", line 1945, in _fetch_all
    self._result_cache = list(self._iterable_class(self))
                         ^^^^^^^^^^^^^^^^^^^^^^^^^^^^^^^^
  File "/home/varshatr/virtualenv/tmsapplication/3.11/lib/python3.11/site-packages/django/db/models/query.py", line 91, in __iter__
    results = compiler.execute_sql(
              ^^^^^^^^^^^^^^^^^^^^^
  File "/home/varshatr/virtualenv/tmsapplication/3.11/lib/python3.11/site-packages/django/db/models/sql/compiler.py", line 1621, in execute_sql
    cursor = self.connection.cursor()
             ^^^^^^^^^^^^^^^^^^^^^^^^
  File "/home/varshatr/virtualenv/tmsapplication/3.11/lib/python3.11/site-packages/django/utils/asyncio.py", line 26, in inner
    return func(*args, **kwargs)
           ^^^^^^^^^^^^^^^^^^^^^
  File "/home/varshatr/virtualenv/tmsapplication/3.11/lib/python3.11/site-packages/django/db/backends/base/base.py", line 320, in cursor
    return self._cursor()
           ^^^^^^^^^^^^^^
  File "/home/varshatr/virtualenv/tmsapplication/3.11/lib/python3.11/site-packages/django/db/backends/base/base.py", line 296, in _cursor
    self.ensure_connection()
  File "/home/varshatr/virtualenv/tmsapplication/3.11/lib/python3.11/site-packages/django/utils/asyncio.py", line 26, in inner
    return func(*args, **kwargs)
           ^^^^^^^^^^^^^^^^^^^^^
  File "/home/varshatr/virtualenv/tmsapplication/3.11/lib/python3.11/site-packages/django/db/backends/base/base.py", line 278, in ensure_connection
    with self.wrap_database_errors:
  File "/home/varshatr/virtualenv/tmsapplication/3.11/lib/python3.11/site-packages/django/db/utils.py", line 91, in __exit__
    raise dj_exc_value.with_traceback(traceback) from exc_value
  File "/home/varshatr/virtualenv/tmsapplication/3.11/lib/python3.11/site-packages/django/db/backends/base/base.py", line 279, in ensure_connection
    self.connect()
  File "/home/varshatr/virtualenv/tmsapplication/3.11/lib/python3.11/site-packages/django/utils/asyncio.py", line 26, in inner
    return func(*args, **kwargs)
           ^^^^^^^^^^^^^^^^^^^^^
  File "/home/varshatr/virtualenv/tmsapplication/3.11/lib/python3.11/site-packages/django/db/backends/base/base.py", line 256, in connect
    self.connection = self.get_new_connection(conn_params)
                      ^^^^^^^^^^^^^^^^^^^^^^^^^^^^^^^^^^^^
  File "/home/varshatr/virtualenv/tmsapplication/3.11/lib/python3.11/site-packages/django/utils/asyncio.py", line 26, in inner
    return func(*args, **kwargs)
           ^^^^^^^^^^^^^^^^^^^^^
  File "/home/varshatr/virtualenv/tmsapplication/3.11/lib/python3.11/site-packages/django/db/backends/mysql/base.py", line 256, in get_new_connection
    connection = Database.connect(**conn_params)
                 ^^^^^^^^^^^^^^^^^^^^^^^^^^^^^^^
  File "/home/varshatr/virtualenv/tmsapplication/3.11/lib/python3.11/site-packages/pymysql/connections.py", line 365, in __init__
    self.connect()
  File "/home/varshatr/virtualenv/tmsapplication/3.11/lib/python3.11/site-packages/pymysql/connections.py", line 681, in connect
    self._request_authentication()
  File "/home/varshatr/virtualenv/tmsapplication/3.11/lib/python3.11/site-packages/pymysql/connections.py", line 958, in _request_authentication
    auth_packet = self._read_packet()
                  ^^^^^^^^^^^^^^^^^^^
  File "/home/varshatr/virtualenv/tmsapplication/3.11/lib/python3.11/site-packages/pymysql/connections.py", line 782, in _read_packet
    packet.raise_for_error()
  File "/home/varshatr/virtualenv/tmsapplication/3.11/lib/python3.11/site-packages/pymysql/protocol.py", line 219, in raise_for_error
    err.raise_mysql_exception(self._data)
  File "/home/varshatr/virtualenv/tmsapplication/3.11/lib/python3.11/site-packages/pymysql/err.py", line 150, in raise_mysql_exception
    raise errorclass(errno, errval)
django.db.utils.OperationalError: (1045, "Access denied for user 'varshatr_admin'@'127.0.0.1' (using password: YES)")
Internal Server Error: /login/
Traceback (most recent call last):
  File "/home/varshatr/virtualenv/tmsapplication/3.11/lib/python3.11/site-packages/django/db/backends/base/base.py", line 279, in ensure_connection
    self.connect()
  File "/home/varshatr/virtualenv/tmsapplication/3.11/lib/python3.11/site-packages/django/utils/asyncio.py", line 26, in inner
    return func(*args, **kwargs)
           ^^^^^^^^^^^^^^^^^^^^^
  File "/home/varshatr/virtualenv/tmsapplication/3.11/lib/python3.11/site-packages/django/db/backends/base/base.py", line 256, in connect
    self.connection = self.get_new_connection(conn_params)
                      ^^^^^^^^^^^^^^^^^^^^^^^^^^^^^^^^^^^^
  File "/home/varshatr/virtualenv/tmsapplication/3.11/lib/python3.11/site-packages/django/utils/asyncio.py", line 26, in inner
    return func(*args, **kwargs)
           ^^^^^^^^^^^^^^^^^^^^^
  File "/home/varshatr/virtualenv/tmsapplication/3.11/lib/python3.11/site-packages/django/db/backends/mysql/base.py", line 256, in get_new_connection
    connection = Database.connect(**conn_params)
                 ^^^^^^^^^^^^^^^^^^^^^^^^^^^^^^^
  File "/home/varshatr/virtualenv/tmsapplication/3.11/lib/python3.11/site-packages/pymysql/connections.py", line 365, in __init__
    self.connect()
  File "/home/varshatr/virtualenv/tmsapplication/3.11/lib/python3.11/site-packages/pymysql/connections.py", line 681, in connect
    self._request_authentication()
  File "/home/varshatr/virtualenv/tmsapplication/3.11/lib/python3.11/site-packages/pymysql/connections.py", line 958, in _request_authentication
    auth_packet = self._read_packet()
                  ^^^^^^^^^^^^^^^^^^^
  File "/home/varshatr/virtualenv/tmsapplication/3.11/lib/python3.11/site-packages/pymysql/connections.py", line 782, in _read_packet
    packet.raise_for_error()
  File "/home/varshatr/virtualenv/tmsapplication/3.11/lib/python3.11/site-packages/pymysql/protocol.py", line 219, in raise_for_error
    err.raise_mysql_exception(self._data)
  File "/home/varshatr/virtualenv/tmsapplication/3.11/lib/python3.11/site-packages/pymysql/err.py", line 150, in raise_mysql_exception
    raise errorclass(errno, errval)
pymysql.err.OperationalError: (1045, "Access denied for user 'varshatr_admin'@'127.0.0.1' (using password: YES)")

The above exception was the direct cause of the following exception:

Traceback (most recent call last):
  File "/home/varshatr/virtualenv/tmsapplication/3.11/lib/python3.11/site-packages/django/core/handlers/exception.py", line 55, in inner
    response = get_response(request)
               ^^^^^^^^^^^^^^^^^^^^^
  File "/home/varshatr/virtualenv/tmsapplication/3.11/lib/python3.11/site-packages/django/core/handlers/base.py", line 197, in _get_response
    response = wrapped_callback(request, *callback_args, **callback_kwargs)
               ^^^^^^^^^^^^^^^^^^^^^^^^^^^^^^^^^^^^^^^^^^^^^^^^^^^^^^^^^^^^
  File "/home/varshatr/tmsapplication/main/views.py", line 190, in user_login
    user = authenticate(request, username=username, password=password)
           ^^^^^^^^^^^^^^^^^^^^^^^^^^^^^^^^^^^^^^^^^^^^^^^^^^^^^^^^^^^
  File "/home/varshatr/virtualenv/tmsapplication/3.11/lib/python3.11/site-packages/django/views/decorators/debug.py", line 75, in sensitive_variables_wrapper
    return func(*func_args, **func_kwargs)
           ^^^^^^^^^^^^^^^^^^^^^^^^^^^^^^^
  File "/home/varshatr/virtualenv/tmsapplication/3.11/lib/python3.11/site-packages/django/contrib/auth/__init__.py", line 114, in authenticate
    user = backend.authenticate(request, **credentials)
           ^^^^^^^^^^^^^^^^^^^^^^^^^^^^^^^^^^^^^^^^^^^^
  File "/home/varshatr/virtualenv/tmsapplication/3.11/lib/python3.11/site-packages/django/contrib/auth/backends.py", line 65, in authenticate
    user = UserModel._default_manager.get_by_natural_key(username)
           ^^^^^^^^^^^^^^^^^^^^^^^^^^^^^^^^^^^^^^^^^^^^^^^^^^^^^^^
  File "/home/varshatr/virtualenv/tmsapplication/3.11/lib/python3.11/site-packages/django/contrib/auth/base_user.py", line 37, in get_by_natural_key
    return self.get(**{self.model.USERNAME_FIELD: username})
           ^^^^^^^^^^^^^^^^^^^^^^^^^^^^^^^^^^^^^^^^^^^^^^^^^
  File "/home/varshatr/virtualenv/tmsapplication/3.11/lib/python3.11/site-packages/django/db/models/manager.py", line 87, in manager_method
    return getattr(self.get_queryset(), name)(*args, **kwargs)
           ^^^^^^^^^^^^^^^^^^^^^^^^^^^^^^^^^^^^^^^^^^^^^^^^^^^
  File "/home/varshatr/virtualenv/tmsapplication/3.11/lib/python3.11/site-packages/django/db/models/query.py", line 629, in get
    num = len(clone)
          ^^^^^^^^^^
  File "/home/varshatr/virtualenv/tmsapplication/3.11/lib/python3.11/site-packages/django/db/models/query.py", line 366, in __len__
    self._fetch_all()
  File "/home/varshatr/virtualenv/tmsapplication/3.11/lib/python3.11/site-packages/django/db/models/query.py", line 1945, in _fetch_all
    self._result_cache = list(self._iterable_class(self))
                         ^^^^^^^^^^^^^^^^^^^^^^^^^^^^^^^^
  File "/home/varshatr/virtualenv/tmsapplication/3.11/lib/python3.11/site-packages/django/db/models/query.py", line 91, in __iter__
    results = compiler.execute_sql(
              ^^^^^^^^^^^^^^^^^^^^^
  File "/home/varshatr/virtualenv/tmsapplication/3.11/lib/python3.11/site-packages/django/db/models/sql/compiler.py", line 1621, in execute_sql
    cursor = self.connection.cursor()
             ^^^^^^^^^^^^^^^^^^^^^^^^
  File "/home/varshatr/virtualenv/tmsapplication/3.11/lib/python3.11/site-packages/django/utils/asyncio.py", line 26, in inner
    return func(*args, **kwargs)
           ^^^^^^^^^^^^^^^^^^^^^
  File "/home/varshatr/virtualenv/tmsapplication/3.11/lib/python3.11/site-packages/django/db/backends/base/base.py", line 320, in cursor
    return self._cursor()
           ^^^^^^^^^^^^^^
  File "/home/varshatr/virtualenv/tmsapplication/3.11/lib/python3.11/site-packages/django/db/backends/base/base.py", line 296, in _cursor
    self.ensure_connection()
  File "/home/varshatr/virtualenv/tmsapplication/3.11/lib/python3.11/site-packages/django/utils/asyncio.py", line 26, in inner
    return func(*args, **kwargs)
           ^^^^^^^^^^^^^^^^^^^^^
  File "/home/varshatr/virtualenv/tmsapplication/3.11/lib/python3.11/site-packages/django/db/backends/base/base.py", line 278, in ensure_connection
    with self.wrap_database_errors:
  File "/home/varshatr/virtualenv/tmsapplication/3.11/lib/python3.11/site-packages/django/db/utils.py", line 91, in __exit__
    raise dj_exc_value.with_traceback(traceback) from exc_value
  File "/home/varshatr/virtualenv/tmsapplication/3.11/lib/python3.11/site-packages/django/db/backends/base/base.py", line 279, in ensure_connection
    self.connect()
  File "/home/varshatr/virtualenv/tmsapplication/3.11/lib/python3.11/site-packages/django/utils/asyncio.py", line 26, in inner
    return func(*args, **kwargs)
           ^^^^^^^^^^^^^^^^^^^^^
  File "/home/varshatr/virtualenv/tmsapplication/3.11/lib/python3.11/site-packages/django/db/backends/base/base.py", line 256, in connect
    self.connection = self.get_new_connection(conn_params)
                      ^^^^^^^^^^^^^^^^^^^^^^^^^^^^^^^^^^^^
  File "/home/varshatr/virtualenv/tmsapplication/3.11/lib/python3.11/site-packages/django/utils/asyncio.py", line 26, in inner
    return func(*args, **kwargs)
           ^^^^^^^^^^^^^^^^^^^^^
  File "/home/varshatr/virtualenv/tmsapplication/3.11/lib/python3.11/site-packages/django/db/backends/mysql/base.py", line 256, in get_new_connection
    connection = Database.connect(**conn_params)
                 ^^^^^^^^^^^^^^^^^^^^^^^^^^^^^^^
  File "/home/varshatr/virtualenv/tmsapplication/3.11/lib/python3.11/site-packages/pymysql/connections.py", line 365, in __init__
    self.connect()
  File "/home/varshatr/virtualenv/tmsapplication/3.11/lib/python3.11/site-packages/pymysql/connections.py", line 681, in connect
    self._request_authentication()
  File "/home/varshatr/virtualenv/tmsapplication/3.11/lib/python3.11/site-packages/pymysql/connections.py", line 958, in _request_authentication
    auth_packet = self._read_packet()
                  ^^^^^^^^^^^^^^^^^^^
  File "/home/varshatr/virtualenv/tmsapplication/3.11/lib/python3.11/site-packages/pymysql/connections.py", line 782, in _read_packet
    packet.raise_for_error()
  File "/home/varshatr/virtualenv/tmsapplication/3.11/lib/python3.11/site-packages/pymysql/protocol.py", line 219, in raise_for_error
    err.raise_mysql_exception(self._data)
  File "/home/varshatr/virtualenv/tmsapplication/3.11/lib/python3.11/site-packages/pymysql/err.py", line 150, in raise_mysql_exception
    raise errorclass(errno, errval)
django.db.utils.OperationalError: (1045, "Access denied for user 'varshatr_admin'@'127.0.0.1' (using password: YES)")
Internal Server Error: /login/
Traceback (most recent call last):
  File "/home/varshatr/virtualenv/tmsapplication/3.11/lib/python3.11/site-packages/django/db/backends/base/base.py", line 279, in ensure_connection
    self.connect()
  File "/home/varshatr/virtualenv/tmsapplication/3.11/lib/python3.11/site-packages/django/utils/asyncio.py", line 26, in inner
    return func(*args, **kwargs)
           ^^^^^^^^^^^^^^^^^^^^^
  File "/home/varshatr/virtualenv/tmsapplication/3.11/lib/python3.11/site-packages/django/db/backends/base/base.py", line 256, in connect
    self.connection = self.get_new_connection(conn_params)
                      ^^^^^^^^^^^^^^^^^^^^^^^^^^^^^^^^^^^^
  File "/home/varshatr/virtualenv/tmsapplication/3.11/lib/python3.11/site-packages/django/utils/asyncio.py", line 26, in inner
    return func(*args, **kwargs)
           ^^^^^^^^^^^^^^^^^^^^^
  File "/home/varshatr/virtualenv/tmsapplication/3.11/lib/python3.11/site-packages/django/db/backends/mysql/base.py", line 256, in get_new_connection
    connection = Database.connect(**conn_params)
                 ^^^^^^^^^^^^^^^^^^^^^^^^^^^^^^^
  File "/home/varshatr/virtualenv/tmsapplication/3.11/lib/python3.11/site-packages/pymysql/connections.py", line 365, in __init__
    self.connect()
  File "/home/varshatr/virtualenv/tmsapplication/3.11/lib/python3.11/site-packages/pymysql/connections.py", line 681, in connect
    self._request_authentication()
  File "/home/varshatr/virtualenv/tmsapplication/3.11/lib/python3.11/site-packages/pymysql/connections.py", line 958, in _request_authentication
    auth_packet = self._read_packet()
                  ^^^^^^^^^^^^^^^^^^^
  File "/home/varshatr/virtualenv/tmsapplication/3.11/lib/python3.11/site-packages/pymysql/connections.py", line 782, in _read_packet
    packet.raise_for_error()
  File "/home/varshatr/virtualenv/tmsapplication/3.11/lib/python3.11/site-packages/pymysql/protocol.py", line 219, in raise_for_error
    err.raise_mysql_exception(self._data)
  File "/home/varshatr/virtualenv/tmsapplication/3.11/lib/python3.11/site-packages/pymysql/err.py", line 150, in raise_mysql_exception
    raise errorclass(errno, errval)
pymysql.err.OperationalError: (1045, "Access denied for user 'varshatr_admin'@'127.0.0.1' (using password: YES)")

The above exception was the direct cause of the following exception:

Traceback (most recent call last):
  File "/home/varshatr/virtualenv/tmsapplication/3.11/lib/python3.11/site-packages/django/core/handlers/exception.py", line 55, in inner
    response = get_response(request)
               ^^^^^^^^^^^^^^^^^^^^^
  File "/home/varshatr/virtualenv/tmsapplication/3.11/lib/python3.11/site-packages/django/core/handlers/base.py", line 197, in _get_response
    response = wrapped_callback(request, *callback_args, **callback_kwargs)
               ^^^^^^^^^^^^^^^^^^^^^^^^^^^^^^^^^^^^^^^^^^^^^^^^^^^^^^^^^^^^
  File "/home/varshatr/tmsapplication/main/views.py", line 190, in user_login
    user = authenticate(request, username=username, password=password)
           ^^^^^^^^^^^^^^^^^^^^^^^^^^^^^^^^^^^^^^^^^^^^^^^^^^^^^^^^^^^
  File "/home/varshatr/virtualenv/tmsapplication/3.11/lib/python3.11/site-packages/django/views/decorators/debug.py", line 75, in sensitive_variables_wrapper
    return func(*func_args, **func_kwargs)
           ^^^^^^^^^^^^^^^^^^^^^^^^^^^^^^^
  File "/home/varshatr/virtualenv/tmsapplication/3.11/lib/python3.11/site-packages/django/contrib/auth/__init__.py", line 114, in authenticate
    user = backend.authenticate(request, **credentials)
           ^^^^^^^^^^^^^^^^^^^^^^^^^^^^^^^^^^^^^^^^^^^^
  File "/home/varshatr/virtualenv/tmsapplication/3.11/lib/python3.11/site-packages/django/contrib/auth/backends.py", line 65, in authenticate
    user = UserModel._default_manager.get_by_natural_key(username)
           ^^^^^^^^^^^^^^^^^^^^^^^^^^^^^^^^^^^^^^^^^^^^^^^^^^^^^^^
  File "/home/varshatr/virtualenv/tmsapplication/3.11/lib/python3.11/site-packages/django/contrib/auth/base_user.py", line 37, in get_by_natural_key
    return self.get(**{self.model.USERNAME_FIELD: username})
           ^^^^^^^^^^^^^^^^^^^^^^^^^^^^^^^^^^^^^^^^^^^^^^^^^
  File "/home/varshatr/virtualenv/tmsapplication/3.11/lib/python3.11/site-packages/django/db/models/manager.py", line 87, in manager_method
    return getattr(self.get_queryset(), name)(*args, **kwargs)
           ^^^^^^^^^^^^^^^^^^^^^^^^^^^^^^^^^^^^^^^^^^^^^^^^^^^
  File "/home/varshatr/virtualenv/tmsapplication/3.11/lib/python3.11/site-packages/django/db/models/query.py", line 629, in get
    num = len(clone)
          ^^^^^^^^^^
  File "/home/varshatr/virtualenv/tmsapplication/3.11/lib/python3.11/site-packages/django/db/models/query.py", line 366, in __len__
    self._fetch_all()
  File "/home/varshatr/virtualenv/tmsapplication/3.11/lib/python3.11/site-packages/django/db/models/query.py", line 1945, in _fetch_all
    self._result_cache = list(self._iterable_class(self))
                         ^^^^^^^^^^^^^^^^^^^^^^^^^^^^^^^^
  File "/home/varshatr/virtualenv/tmsapplication/3.11/lib/python3.11/site-packages/django/db/models/query.py", line 91, in __iter__
    results = compiler.execute_sql(
              ^^^^^^^^^^^^^^^^^^^^^
  File "/home/varshatr/virtualenv/tmsapplication/3.11/lib/python3.11/site-packages/django/db/models/sql/compiler.py", line 1621, in execute_sql
    cursor = self.connection.cursor()
             ^^^^^^^^^^^^^^^^^^^^^^^^
  File "/home/varshatr/virtualenv/tmsapplication/3.11/lib/python3.11/site-packages/django/utils/asyncio.py", line 26, in inner
    return func(*args, **kwargs)
           ^^^^^^^^^^^^^^^^^^^^^
  File "/home/varshatr/virtualenv/tmsapplication/3.11/lib/python3.11/site-packages/django/db/backends/base/base.py", line 320, in cursor
    return self._cursor()
           ^^^^^^^^^^^^^^
  File "/home/varshatr/virtualenv/tmsapplication/3.11/lib/python3.11/site-packages/django/db/backends/base/base.py", line 296, in _cursor
    self.ensure_connection()
  File "/home/varshatr/virtualenv/tmsapplication/3.11/lib/python3.11/site-packages/django/utils/asyncio.py", line 26, in inner
    return func(*args, **kwargs)
           ^^^^^^^^^^^^^^^^^^^^^
  File "/home/varshatr/virtualenv/tmsapplication/3.11/lib/python3.11/site-packages/django/db/backends/base/base.py", line 278, in ensure_connection
    with self.wrap_database_errors:
  File "/home/varshatr/virtualenv/tmsapplication/3.11/lib/python3.11/site-packages/django/db/utils.py", line 91, in __exit__
    raise dj_exc_value.with_traceback(traceback) from exc_value
  File "/home/varshatr/virtualenv/tmsapplication/3.11/lib/python3.11/site-packages/django/db/backends/base/base.py", line 279, in ensure_connection
    self.connect()
  File "/home/varshatr/virtualenv/tmsapplication/3.11/lib/python3.11/site-packages/django/utils/asyncio.py", line 26, in inner
    return func(*args, **kwargs)
           ^^^^^^^^^^^^^^^^^^^^^
  File "/home/varshatr/virtualenv/tmsapplication/3.11/lib/python3.11/site-packages/django/db/backends/base/base.py", line 256, in connect
    self.connection = self.get_new_connection(conn_params)
                      ^^^^^^^^^^^^^^^^^^^^^^^^^^^^^^^^^^^^
  File "/home/varshatr/virtualenv/tmsapplication/3.11/lib/python3.11/site-packages/django/utils/asyncio.py", line 26, in inner
    return func(*args, **kwargs)
           ^^^^^^^^^^^^^^^^^^^^^
  File "/home/varshatr/virtualenv/tmsapplication/3.11/lib/python3.11/site-packages/django/db/backends/mysql/base.py", line 256, in get_new_connection
    connection = Database.connect(**conn_params)
                 ^^^^^^^^^^^^^^^^^^^^^^^^^^^^^^^
  File "/home/varshatr/virtualenv/tmsapplication/3.11/lib/python3.11/site-packages/pymysql/connections.py", line 365, in __init__
    self.connect()
  File "/home/varshatr/virtualenv/tmsapplication/3.11/lib/python3.11/site-packages/pymysql/connections.py", line 681, in connect
    self._request_authentication()
  File "/home/varshatr/virtualenv/tmsapplication/3.11/lib/python3.11/site-packages/pymysql/connections.py", line 958, in _request_authentication
    auth_packet = self._read_packet()
                  ^^^^^^^^^^^^^^^^^^^
  File "/home/varshatr/virtualenv/tmsapplication/3.11/lib/python3.11/site-packages/pymysql/connections.py", line 782, in _read_packet
    packet.raise_for_error()
  File "/home/varshatr/virtualenv/tmsapplication/3.11/lib/python3.11/site-packages/pymysql/protocol.py", line 219, in raise_for_error
    err.raise_mysql_exception(self._data)
  File "/home/varshatr/virtualenv/tmsapplication/3.11/lib/python3.11/site-packages/pymysql/err.py", line 150, in raise_mysql_exception
    raise errorclass(errno, errval)
django.db.utils.OperationalError: (1045, "Access denied for user 'varshatr_admin'@'127.0.0.1' (using password: YES)")
Internal Server Error: /login/
Traceback (most recent call last):
  File "/home/varshatr/virtualenv/tmsapplication/3.11/lib/python3.11/site-packages/django/db/backends/base/base.py", line 279, in ensure_connection
    self.connect()
  File "/home/varshatr/virtualenv/tmsapplication/3.11/lib/python3.11/site-packages/django/utils/asyncio.py", line 26, in inner
    return func(*args, **kwargs)
           ^^^^^^^^^^^^^^^^^^^^^
  File "/home/varshatr/virtualenv/tmsapplication/3.11/lib/python3.11/site-packages/django/db/backends/base/base.py", line 256, in connect
    self.connection = self.get_new_connection(conn_params)
                      ^^^^^^^^^^^^^^^^^^^^^^^^^^^^^^^^^^^^
  File "/home/varshatr/virtualenv/tmsapplication/3.11/lib/python3.11/site-packages/django/utils/asyncio.py", line 26, in inner
    return func(*args, **kwargs)
           ^^^^^^^^^^^^^^^^^^^^^
  File "/home/varshatr/virtualenv/tmsapplication/3.11/lib/python3.11/site-packages/django/db/backends/mysql/base.py", line 256, in get_new_connection
    connection = Database.connect(**conn_params)
                 ^^^^^^^^^^^^^^^^^^^^^^^^^^^^^^^
  File "/home/varshatr/virtualenv/tmsapplication/3.11/lib/python3.11/site-packages/pymysql/connections.py", line 365, in __init__
    self.connect()
  File "/home/varshatr/virtualenv/tmsapplication/3.11/lib/python3.11/site-packages/pymysql/connections.py", line 681, in connect
    self._request_authentication()
  File "/home/varshatr/virtualenv/tmsapplication/3.11/lib/python3.11/site-packages/pymysql/connections.py", line 958, in _request_authentication
    auth_packet = self._read_packet()
                  ^^^^^^^^^^^^^^^^^^^
  File "/home/varshatr/virtualenv/tmsapplication/3.11/lib/python3.11/site-packages/pymysql/connections.py", line 782, in _read_packet
    packet.raise_for_error()
  File "/home/varshatr/virtualenv/tmsapplication/3.11/lib/python3.11/site-packages/pymysql/protocol.py", line 219, in raise_for_error
    err.raise_mysql_exception(self._data)
  File "/home/varshatr/virtualenv/tmsapplication/3.11/lib/python3.11/site-packages/pymysql/err.py", line 150, in raise_mysql_exception
    raise errorclass(errno, errval)
pymysql.err.OperationalError: (1045, "Access denied for user 'varshatr_admin'@'127.0.0.1' (using password: YES)")

The above exception was the direct cause of the following exception:

Traceback (most recent call last):
  File "/home/varshatr/virtualenv/tmsapplication/3.11/lib/python3.11/site-packages/django/core/handlers/exception.py", line 55, in inner
    response = get_response(request)
               ^^^^^^^^^^^^^^^^^^^^^
  File "/home/varshatr/virtualenv/tmsapplication/3.11/lib/python3.11/site-packages/django/core/handlers/base.py", line 197, in _get_response
    response = wrapped_callback(request, *callback_args, **callback_kwargs)
               ^^^^^^^^^^^^^^^^^^^^^^^^^^^^^^^^^^^^^^^^^^^^^^^^^^^^^^^^^^^^
  File "/home/varshatr/tmsapplication/main/views.py", line 190, in user_login
    user = authenticate(request, username=username, password=password)
           ^^^^^^^^^^^^^^^^^^^^^^^^^^^^^^^^^^^^^^^^^^^^^^^^^^^^^^^^^^^
  File "/home/varshatr/virtualenv/tmsapplication/3.11/lib/python3.11/site-packages/django/views/decorators/debug.py", line 75, in sensitive_variables_wrapper
    return func(*func_args, **func_kwargs)
           ^^^^^^^^^^^^^^^^^^^^^^^^^^^^^^^
  File "/home/varshatr/virtualenv/tmsapplication/3.11/lib/python3.11/site-packages/django/contrib/auth/__init__.py", line 114, in authenticate
    user = backend.authenticate(request, **credentials)
           ^^^^^^^^^^^^^^^^^^^^^^^^^^^^^^^^^^^^^^^^^^^^
  File "/home/varshatr/virtualenv/tmsapplication/3.11/lib/python3.11/site-packages/django/contrib/auth/backends.py", line 65, in authenticate
    user = UserModel._default_manager.get_by_natural_key(username)
           ^^^^^^^^^^^^^^^^^^^^^^^^^^^^^^^^^^^^^^^^^^^^^^^^^^^^^^^
  File "/home/varshatr/virtualenv/tmsapplication/3.11/lib/python3.11/site-packages/django/contrib/auth/base_user.py", line 37, in get_by_natural_key
    return self.get(**{self.model.USERNAME_FIELD: username})
           ^^^^^^^^^^^^^^^^^^^^^^^^^^^^^^^^^^^^^^^^^^^^^^^^^
  File "/home/varshatr/virtualenv/tmsapplication/3.11/lib/python3.11/site-packages/django/db/models/manager.py", line 87, in manager_method
    return getattr(self.get_queryset(), name)(*args, **kwargs)
           ^^^^^^^^^^^^^^^^^^^^^^^^^^^^^^^^^^^^^^^^^^^^^^^^^^^
  File "/home/varshatr/virtualenv/tmsapplication/3.11/lib/python3.11/site-packages/django/db/models/query.py", line 629, in get
    num = len(clone)
          ^^^^^^^^^^
  File "/home/varshatr/virtualenv/tmsapplication/3.11/lib/python3.11/site-packages/django/db/models/query.py", line 366, in __len__
    self._fetch_all()
  File "/home/varshatr/virtualenv/tmsapplication/3.11/lib/python3.11/site-packages/django/db/models/query.py", line 1945, in _fetch_all
    self._result_cache = list(self._iterable_class(self))
                         ^^^^^^^^^^^^^^^^^^^^^^^^^^^^^^^^
  File "/home/varshatr/virtualenv/tmsapplication/3.11/lib/python3.11/site-packages/django/db/models/query.py", line 91, in __iter__
    results = compiler.execute_sql(
              ^^^^^^^^^^^^^^^^^^^^^
  File "/home/varshatr/virtualenv/tmsapplication/3.11/lib/python3.11/site-packages/django/db/models/sql/compiler.py", line 1621, in execute_sql
    cursor = self.connection.cursor()
             ^^^^^^^^^^^^^^^^^^^^^^^^
  File "/home/varshatr/virtualenv/tmsapplication/3.11/lib/python3.11/site-packages/django/utils/asyncio.py", line 26, in inner
    return func(*args, **kwargs)
           ^^^^^^^^^^^^^^^^^^^^^
  File "/home/varshatr/virtualenv/tmsapplication/3.11/lib/python3.11/site-packages/django/db/backends/base/base.py", line 320, in cursor
    return self._cursor()
           ^^^^^^^^^^^^^^
  File "/home/varshatr/virtualenv/tmsapplication/3.11/lib/python3.11/site-packages/django/db/backends/base/base.py", line 296, in _cursor
    self.ensure_connection()
  File "/home/varshatr/virtualenv/tmsapplication/3.11/lib/python3.11/site-packages/django/utils/asyncio.py", line 26, in inner
    return func(*args, **kwargs)
           ^^^^^^^^^^^^^^^^^^^^^
  File "/home/varshatr/virtualenv/tmsapplication/3.11/lib/python3.11/site-packages/django/db/backends/base/base.py", line 278, in ensure_connection
    with self.wrap_database_errors:
  File "/home/varshatr/virtualenv/tmsapplication/3.11/lib/python3.11/site-packages/django/db/utils.py", line 91, in __exit__
    raise dj_exc_value.with_traceback(traceback) from exc_value
  File "/home/varshatr/virtualenv/tmsapplication/3.11/lib/python3.11/site-packages/django/db/backends/base/base.py", line 279, in ensure_connection
    self.connect()
  File "/home/varshatr/virtualenv/tmsapplication/3.11/lib/python3.11/site-packages/django/utils/asyncio.py", line 26, in inner
    return func(*args, **kwargs)
           ^^^^^^^^^^^^^^^^^^^^^
  File "/home/varshatr/virtualenv/tmsapplication/3.11/lib/python3.11/site-packages/django/db/backends/base/base.py", line 256, in connect
    self.connection = self.get_new_connection(conn_params)
                      ^^^^^^^^^^^^^^^^^^^^^^^^^^^^^^^^^^^^
  File "/home/varshatr/virtualenv/tmsapplication/3.11/lib/python3.11/site-packages/django/utils/asyncio.py", line 26, in inner
    return func(*args, **kwargs)
           ^^^^^^^^^^^^^^^^^^^^^
  File "/home/varshatr/virtualenv/tmsapplication/3.11/lib/python3.11/site-packages/django/db/backends/mysql/base.py", line 256, in get_new_connection
    connection = Database.connect(**conn_params)
                 ^^^^^^^^^^^^^^^^^^^^^^^^^^^^^^^
  File "/home/varshatr/virtualenv/tmsapplication/3.11/lib/python3.11/site-packages/pymysql/connections.py", line 365, in __init__
    self.connect()
  File "/home/varshatr/virtualenv/tmsapplication/3.11/lib/python3.11/site-packages/pymysql/connections.py", line 681, in connect
    self._request_authentication()
  File "/home/varshatr/virtualenv/tmsapplication/3.11/lib/python3.11/site-packages/pymysql/connections.py", line 958, in _request_authentication
    auth_packet = self._read_packet()
                  ^^^^^^^^^^^^^^^^^^^
  File "/home/varshatr/virtualenv/tmsapplication/3.11/lib/python3.11/site-packages/pymysql/connections.py", line 782, in _read_packet
    packet.raise_for_error()
  File "/home/varshatr/virtualenv/tmsapplication/3.11/lib/python3.11/site-packages/pymysql/protocol.py", line 219, in raise_for_error
    err.raise_mysql_exception(self._data)
  File "/home/varshatr/virtualenv/tmsapplication/3.11/lib/python3.11/site-packages/pymysql/err.py", line 150, in raise_mysql_exception
    raise errorclass(errno, errval)
django.db.utils.OperationalError: (1045, "Access denied for user 'varshatr_admin'@'127.0.0.1' (using password: YES)")
Internal Server Error: /login/
Traceback (most recent call last):
  File "/home/varshatr/virtualenv/tmsapplication/3.11/lib/python3.11/site-packages/django/db/backends/base/base.py", line 279, in ensure_connection
    self.connect()
  File "/home/varshatr/virtualenv/tmsapplication/3.11/lib/python3.11/site-packages/django/utils/asyncio.py", line 26, in inner
    return func(*args, **kwargs)
           ^^^^^^^^^^^^^^^^^^^^^
  File "/home/varshatr/virtualenv/tmsapplication/3.11/lib/python3.11/site-packages/django/db/backends/base/base.py", line 256, in connect
    self.connection = self.get_new_connection(conn_params)
                      ^^^^^^^^^^^^^^^^^^^^^^^^^^^^^^^^^^^^
  File "/home/varshatr/virtualenv/tmsapplication/3.11/lib/python3.11/site-packages/django/utils/asyncio.py", line 26, in inner
    return func(*args, **kwargs)
           ^^^^^^^^^^^^^^^^^^^^^
  File "/home/varshatr/virtualenv/tmsapplication/3.11/lib/python3.11/site-packages/django/db/backends/mysql/base.py", line 256, in get_new_connection
    connection = Database.connect(**conn_params)
                 ^^^^^^^^^^^^^^^^^^^^^^^^^^^^^^^
  File "/home/varshatr/virtualenv/tmsapplication/3.11/lib/python3.11/site-packages/pymysql/connections.py", line 365, in __init__
    self.connect()
  File "/home/varshatr/virtualenv/tmsapplication/3.11/lib/python3.11/site-packages/pymysql/connections.py", line 681, in connect
    self._request_authentication()
  File "/home/varshatr/virtualenv/tmsapplication/3.11/lib/python3.11/site-packages/pymysql/connections.py", line 958, in _request_authentication
    auth_packet = self._read_packet()
                  ^^^^^^^^^^^^^^^^^^^
  File "/home/varshatr/virtualenv/tmsapplication/3.11/lib/python3.11/site-packages/pymysql/connections.py", line 782, in _read_packet
    packet.raise_for_error()
  File "/home/varshatr/virtualenv/tmsapplication/3.11/lib/python3.11/site-packages/pymysql/protocol.py", line 219, in raise_for_error
    err.raise_mysql_exception(self._data)
  File "/home/varshatr/virtualenv/tmsapplication/3.11/lib/python3.11/site-packages/pymysql/err.py", line 150, in raise_mysql_exception
    raise errorclass(errno, errval)
pymysql.err.OperationalError: (1045, "Access denied for user 'varshatr_admin'@'127.0.0.1' (using password: YES)")

The above exception was the direct cause of the following exception:

Traceback (most recent call last):
  File "/home/varshatr/virtualenv/tmsapplication/3.11/lib/python3.11/site-packages/django/core/handlers/exception.py", line 55, in inner
    response = get_response(request)
               ^^^^^^^^^^^^^^^^^^^^^
  File "/home/varshatr/virtualenv/tmsapplication/3.11/lib/python3.11/site-packages/django/core/handlers/base.py", line 197, in _get_response
    response = wrapped_callback(request, *callback_args, **callback_kwargs)
               ^^^^^^^^^^^^^^^^^^^^^^^^^^^^^^^^^^^^^^^^^^^^^^^^^^^^^^^^^^^^
  File "/home/varshatr/tmsapplication/main/views.py", line 190, in user_login
    user = authenticate(request, username=username, password=password)
           ^^^^^^^^^^^^^^^^^^^^^^^^^^^^^^^^^^^^^^^^^^^^^^^^^^^^^^^^^^^
  File "/home/varshatr/virtualenv/tmsapplication/3.11/lib/python3.11/site-packages/django/views/decorators/debug.py", line 75, in sensitive_variables_wrapper
    return func(*func_args, **func_kwargs)
           ^^^^^^^^^^^^^^^^^^^^^^^^^^^^^^^
  File "/home/varshatr/virtualenv/tmsapplication/3.11/lib/python3.11/site-packages/django/contrib/auth/__init__.py", line 114, in authenticate
    user = backend.authenticate(request, **credentials)
           ^^^^^^^^^^^^^^^^^^^^^^^^^^^^^^^^^^^^^^^^^^^^
  File "/home/varshatr/virtualenv/tmsapplication/3.11/lib/python3.11/site-packages/django/contrib/auth/backends.py", line 65, in authenticate
    user = UserModel._default_manager.get_by_natural_key(username)
           ^^^^^^^^^^^^^^^^^^^^^^^^^^^^^^^^^^^^^^^^^^^^^^^^^^^^^^^
  File "/home/varshatr/virtualenv/tmsapplication/3.11/lib/python3.11/site-packages/django/contrib/auth/base_user.py", line 37, in get_by_natural_key
    return self.get(**{self.model.USERNAME_FIELD: username})
           ^^^^^^^^^^^^^^^^^^^^^^^^^^^^^^^^^^^^^^^^^^^^^^^^^
  File "/home/varshatr/virtualenv/tmsapplication/3.11/lib/python3.11/site-packages/django/db/models/manager.py", line 87, in manager_method
    return getattr(self.get_queryset(), name)(*args, **kwargs)
           ^^^^^^^^^^^^^^^^^^^^^^^^^^^^^^^^^^^^^^^^^^^^^^^^^^^
  File "/home/varshatr/virtualenv/tmsapplication/3.11/lib/python3.11/site-packages/django/db/models/query.py", line 629, in get
    num = len(clone)
          ^^^^^^^^^^
  File "/home/varshatr/virtualenv/tmsapplication/3.11/lib/python3.11/site-packages/django/db/models/query.py", line 366, in __len__
    self._fetch_all()
  File "/home/varshatr/virtualenv/tmsapplication/3.11/lib/python3.11/site-packages/django/db/models/query.py", line 1945, in _fetch_all
    self._result_cache = list(self._iterable_class(self))
                         ^^^^^^^^^^^^^^^^^^^^^^^^^^^^^^^^
  File "/home/varshatr/virtualenv/tmsapplication/3.11/lib/python3.11/site-packages/django/db/models/query.py", line 91, in __iter__
    results = compiler.execute_sql(
              ^^^^^^^^^^^^^^^^^^^^^
  File "/home/varshatr/virtualenv/tmsapplication/3.11/lib/python3.11/site-packages/django/db/models/sql/compiler.py", line 1621, in execute_sql
    cursor = self.connection.cursor()
             ^^^^^^^^^^^^^^^^^^^^^^^^
  File "/home/varshatr/virtualenv/tmsapplication/3.11/lib/python3.11/site-packages/django/utils/asyncio.py", line 26, in inner
    return func(*args, **kwargs)
           ^^^^^^^^^^^^^^^^^^^^^
  File "/home/varshatr/virtualenv/tmsapplication/3.11/lib/python3.11/site-packages/django/db/backends/base/base.py", line 320, in cursor
    return self._cursor()
           ^^^^^^^^^^^^^^
  File "/home/varshatr/virtualenv/tmsapplication/3.11/lib/python3.11/site-packages/django/db/backends/base/base.py", line 296, in _cursor
    self.ensure_connection()
  File "/home/varshatr/virtualenv/tmsapplication/3.11/lib/python3.11/site-packages/django/utils/asyncio.py", line 26, in inner
    return func(*args, **kwargs)
           ^^^^^^^^^^^^^^^^^^^^^
  File "/home/varshatr/virtualenv/tmsapplication/3.11/lib/python3.11/site-packages/django/db/backends/base/base.py", line 278, in ensure_connection
    with self.wrap_database_errors:
  File "/home/varshatr/virtualenv/tmsapplication/3.11/lib/python3.11/site-packages/django/db/utils.py", line 91, in __exit__
    raise dj_exc_value.with_traceback(traceback) from exc_value
  File "/home/varshatr/virtualenv/tmsapplication/3.11/lib/python3.11/site-packages/django/db/backends/base/base.py", line 279, in ensure_connection
    self.connect()
  File "/home/varshatr/virtualenv/tmsapplication/3.11/lib/python3.11/site-packages/django/utils/asyncio.py", line 26, in inner
    return func(*args, **kwargs)
           ^^^^^^^^^^^^^^^^^^^^^
  File "/home/varshatr/virtualenv/tmsapplication/3.11/lib/python3.11/site-packages/django/db/backends/base/base.py", line 256, in connect
    self.connection = self.get_new_connection(conn_params)
                      ^^^^^^^^^^^^^^^^^^^^^^^^^^^^^^^^^^^^
  File "/home/varshatr/virtualenv/tmsapplication/3.11/lib/python3.11/site-packages/django/utils/asyncio.py", line 26, in inner
    return func(*args, **kwargs)
           ^^^^^^^^^^^^^^^^^^^^^
  File "/home/varshatr/virtualenv/tmsapplication/3.11/lib/python3.11/site-packages/django/db/backends/mysql/base.py", line 256, in get_new_connection
    connection = Database.connect(**conn_params)
                 ^^^^^^^^^^^^^^^^^^^^^^^^^^^^^^^
  File "/home/varshatr/virtualenv/tmsapplication/3.11/lib/python3.11/site-packages/pymysql/connections.py", line 365, in __init__
    self.connect()
  File "/home/varshatr/virtualenv/tmsapplication/3.11/lib/python3.11/site-packages/pymysql/connections.py", line 681, in connect
    self._request_authentication()
  File "/home/varshatr/virtualenv/tmsapplication/3.11/lib/python3.11/site-packages/pymysql/connections.py", line 958, in _request_authentication
    auth_packet = self._read_packet()
                  ^^^^^^^^^^^^^^^^^^^
  File "/home/varshatr/virtualenv/tmsapplication/3.11/lib/python3.11/site-packages/pymysql/connections.py", line 782, in _read_packet
    packet.raise_for_error()
  File "/home/varshatr/virtualenv/tmsapplication/3.11/lib/python3.11/site-packages/pymysql/protocol.py", line 219, in raise_for_error
    err.raise_mysql_exception(self._data)
  File "/home/varshatr/virtualenv/tmsapplication/3.11/lib/python3.11/site-packages/pymysql/err.py", line 150, in raise_mysql_exception
    raise errorclass(errno, errval)
django.db.utils.OperationalError: (1045, "Access denied for user 'varshatr_admin'@'127.0.0.1' (using password: YES)")
Internal Server Error: /login/
Traceback (most recent call last):
  File "/home/varshatr/virtualenv/tmsapplication/3.11/lib/python3.11/site-packages/django/db/backends/base/base.py", line 279, in ensure_connection
    self.connect()
  File "/home/varshatr/virtualenv/tmsapplication/3.11/lib/python3.11/site-packages/django/utils/asyncio.py", line 26, in inner
    return func(*args, **kwargs)
           ^^^^^^^^^^^^^^^^^^^^^
  File "/home/varshatr/virtualenv/tmsapplication/3.11/lib/python3.11/site-packages/django/db/backends/base/base.py", line 256, in connect
    self.connection = self.get_new_connection(conn_params)
                      ^^^^^^^^^^^^^^^^^^^^^^^^^^^^^^^^^^^^
  File "/home/varshatr/virtualenv/tmsapplication/3.11/lib/python3.11/site-packages/django/utils/asyncio.py", line 26, in inner
    return func(*args, **kwargs)
           ^^^^^^^^^^^^^^^^^^^^^
  File "/home/varshatr/virtualenv/tmsapplication/3.11/lib/python3.11/site-packages/django/db/backends/mysql/base.py", line 256, in get_new_connection
    connection = Database.connect(**conn_params)
                 ^^^^^^^^^^^^^^^^^^^^^^^^^^^^^^^
  File "/home/varshatr/virtualenv/tmsapplication/3.11/lib/python3.11/site-packages/pymysql/connections.py", line 365, in __init__
    self.connect()
  File "/home/varshatr/virtualenv/tmsapplication/3.11/lib/python3.11/site-packages/pymysql/connections.py", line 681, in connect
    self._request_authentication()
  File "/home/varshatr/virtualenv/tmsapplication/3.11/lib/python3.11/site-packages/pymysql/connections.py", line 958, in _request_authentication
    auth_packet = self._read_packet()
                  ^^^^^^^^^^^^^^^^^^^
  File "/home/varshatr/virtualenv/tmsapplication/3.11/lib/python3.11/site-packages/pymysql/connections.py", line 782, in _read_packet
    packet.raise_for_error()
  File "/home/varshatr/virtualenv/tmsapplication/3.11/lib/python3.11/site-packages/pymysql/protocol.py", line 219, in raise_for_error
    err.raise_mysql_exception(self._data)
  File "/home/varshatr/virtualenv/tmsapplication/3.11/lib/python3.11/site-packages/pymysql/err.py", line 150, in raise_mysql_exception
    raise errorclass(errno, errval)
pymysql.err.OperationalError: (1045, "Access denied for user 'varshatr_admin'@'127.0.0.1' (using password: YES)")

The above exception was the direct cause of the following exception:

Traceback (most recent call last):
  File "/home/varshatr/virtualenv/tmsapplication/3.11/lib/python3.11/site-packages/django/core/handlers/exception.py", line 55, in inner
    response = get_response(request)
               ^^^^^^^^^^^^^^^^^^^^^
  File "/home/varshatr/virtualenv/tmsapplication/3.11/lib/python3.11/site-packages/django/core/handlers/base.py", line 197, in _get_response
    response = wrapped_callback(request, *callback_args, **callback_kwargs)
               ^^^^^^^^^^^^^^^^^^^^^^^^^^^^^^^^^^^^^^^^^^^^^^^^^^^^^^^^^^^^
  File "/home/varshatr/tmsapplication/main/views.py", line 190, in user_login
    user = authenticate(request, username=username, password=password)
           ^^^^^^^^^^^^^^^^^^^^^^^^^^^^^^^^^^^^^^^^^^^^^^^^^^^^^^^^^^^
  File "/home/varshatr/virtualenv/tmsapplication/3.11/lib/python3.11/site-packages/django/views/decorators/debug.py", line 75, in sensitive_variables_wrapper
    return func(*func_args, **func_kwargs)
           ^^^^^^^^^^^^^^^^^^^^^^^^^^^^^^^
  File "/home/varshatr/virtualenv/tmsapplication/3.11/lib/python3.11/site-packages/django/contrib/auth/__init__.py", line 114, in authenticate
    user = backend.authenticate(request, **credentials)
           ^^^^^^^^^^^^^^^^^^^^^^^^^^^^^^^^^^^^^^^^^^^^
  File "/home/varshatr/virtualenv/tmsapplication/3.11/lib/python3.11/site-packages/django/contrib/auth/backends.py", line 65, in authenticate
    user = UserModel._default_manager.get_by_natural_key(username)
           ^^^^^^^^^^^^^^^^^^^^^^^^^^^^^^^^^^^^^^^^^^^^^^^^^^^^^^^
  File "/home/varshatr/virtualenv/tmsapplication/3.11/lib/python3.11/site-packages/django/contrib/auth/base_user.py", line 37, in get_by_natural_key
    return self.get(**{self.model.USERNAME_FIELD: username})
           ^^^^^^^^^^^^^^^^^^^^^^^^^^^^^^^^^^^^^^^^^^^^^^^^^
  File "/home/varshatr/virtualenv/tmsapplication/3.11/lib/python3.11/site-packages/django/db/models/manager.py", line 87, in manager_method
    return getattr(self.get_queryset(), name)(*args, **kwargs)
           ^^^^^^^^^^^^^^^^^^^^^^^^^^^^^^^^^^^^^^^^^^^^^^^^^^^
  File "/home/varshatr/virtualenv/tmsapplication/3.11/lib/python3.11/site-packages/django/db/models/query.py", line 629, in get
    num = len(clone)
          ^^^^^^^^^^
  File "/home/varshatr/virtualenv/tmsapplication/3.11/lib/python3.11/site-packages/django/db/models/query.py", line 366, in __len__
    self._fetch_all()
  File "/home/varshatr/virtualenv/tmsapplication/3.11/lib/python3.11/site-packages/django/db/models/query.py", line 1945, in _fetch_all
    self._result_cache = list(self._iterable_class(self))
                         ^^^^^^^^^^^^^^^^^^^^^^^^^^^^^^^^
  File "/home/varshatr/virtualenv/tmsapplication/3.11/lib/python3.11/site-packages/django/db/models/query.py", line 91, in __iter__
    results = compiler.execute_sql(
              ^^^^^^^^^^^^^^^^^^^^^
  File "/home/varshatr/virtualenv/tmsapplication/3.11/lib/python3.11/site-packages/django/db/models/sql/compiler.py", line 1621, in execute_sql
    cursor = self.connection.cursor()
             ^^^^^^^^^^^^^^^^^^^^^^^^
  File "/home/varshatr/virtualenv/tmsapplication/3.11/lib/python3.11/site-packages/django/utils/asyncio.py", line 26, in inner
    return func(*args, **kwargs)
           ^^^^^^^^^^^^^^^^^^^^^
  File "/home/varshatr/virtualenv/tmsapplication/3.11/lib/python3.11/site-packages/django/db/backends/base/base.py", line 320, in cursor
    return self._cursor()
           ^^^^^^^^^^^^^^
  File "/home/varshatr/virtualenv/tmsapplication/3.11/lib/python3.11/site-packages/django/db/backends/base/base.py", line 296, in _cursor
    self.ensure_connection()
  File "/home/varshatr/virtualenv/tmsapplication/3.11/lib/python3.11/site-packages/django/utils/asyncio.py", line 26, in inner
    return func(*args, **kwargs)
           ^^^^^^^^^^^^^^^^^^^^^
  File "/home/varshatr/virtualenv/tmsapplication/3.11/lib/python3.11/site-packages/django/db/backends/base/base.py", line 278, in ensure_connection
    with self.wrap_database_errors:
  File "/home/varshatr/virtualenv/tmsapplication/3.11/lib/python3.11/site-packages/django/db/utils.py", line 91, in __exit__
    raise dj_exc_value.with_traceback(traceback) from exc_value
  File "/home/varshatr/virtualenv/tmsapplication/3.11/lib/python3.11/site-packages/django/db/backends/base/base.py", line 279, in ensure_connection
    self.connect()
  File "/home/varshatr/virtualenv/tmsapplication/3.11/lib/python3.11/site-packages/django/utils/asyncio.py", line 26, in inner
    return func(*args, **kwargs)
           ^^^^^^^^^^^^^^^^^^^^^
  File "/home/varshatr/virtualenv/tmsapplication/3.11/lib/python3.11/site-packages/django/db/backends/base/base.py", line 256, in connect
    self.connection = self.get_new_connection(conn_params)
                      ^^^^^^^^^^^^^^^^^^^^^^^^^^^^^^^^^^^^
  File "/home/varshatr/virtualenv/tmsapplication/3.11/lib/python3.11/site-packages/django/utils/asyncio.py", line 26, in inner
    return func(*args, **kwargs)
           ^^^^^^^^^^^^^^^^^^^^^
  File "/home/varshatr/virtualenv/tmsapplication/3.11/lib/python3.11/site-packages/django/db/backends/mysql/base.py", line 256, in get_new_connection
    connection = Database.connect(**conn_params)
                 ^^^^^^^^^^^^^^^^^^^^^^^^^^^^^^^
  File "/home/varshatr/virtualenv/tmsapplication/3.11/lib/python3.11/site-packages/pymysql/connections.py", line 365, in __init__
    self.connect()
  File "/home/varshatr/virtualenv/tmsapplication/3.11/lib/python3.11/site-packages/pymysql/connections.py", line 681, in connect
    self._request_authentication()
  File "/home/varshatr/virtualenv/tmsapplication/3.11/lib/python3.11/site-packages/pymysql/connections.py", line 958, in _request_authentication
    auth_packet = self._read_packet()
                  ^^^^^^^^^^^^^^^^^^^
  File "/home/varshatr/virtualenv/tmsapplication/3.11/lib/python3.11/site-packages/pymysql/connections.py", line 782, in _read_packet
    packet.raise_for_error()
  File "/home/varshatr/virtualenv/tmsapplication/3.11/lib/python3.11/site-packages/pymysql/protocol.py", line 219, in raise_for_error
    err.raise_mysql_exception(self._data)
  File "/home/varshatr/virtualenv/tmsapplication/3.11/lib/python3.11/site-packages/pymysql/err.py", line 150, in raise_mysql_exception
    raise errorclass(errno, errval)
django.db.utils.OperationalError: (1045, "Access denied for user 'varshatr_admin'@'127.0.0.1' (using password: YES)")
Internal Server Error: /login/
Traceback (most recent call last):
  File "/home/varshatr/virtualenv/tmsapplication/3.11/lib/python3.11/site-packages/django/db/backends/base/base.py", line 279, in ensure_connection
    self.connect()
  File "/home/varshatr/virtualenv/tmsapplication/3.11/lib/python3.11/site-packages/django/utils/asyncio.py", line 26, in inner
    return func(*args, **kwargs)
           ^^^^^^^^^^^^^^^^^^^^^
  File "/home/varshatr/virtualenv/tmsapplication/3.11/lib/python3.11/site-packages/django/db/backends/base/base.py", line 256, in connect
    self.connection = self.get_new_connection(conn_params)
                      ^^^^^^^^^^^^^^^^^^^^^^^^^^^^^^^^^^^^
  File "/home/varshatr/virtualenv/tmsapplication/3.11/lib/python3.11/site-packages/django/utils/asyncio.py", line 26, in inner
    return func(*args, **kwargs)
           ^^^^^^^^^^^^^^^^^^^^^
  File "/home/varshatr/virtualenv/tmsapplication/3.11/lib/python3.11/site-packages/django/db/backends/mysql/base.py", line 256, in get_new_connection
    connection = Database.connect(**conn_params)
                 ^^^^^^^^^^^^^^^^^^^^^^^^^^^^^^^
  File "/home/varshatr/virtualenv/tmsapplication/3.11/lib/python3.11/site-packages/pymysql/connections.py", line 365, in __init__
    self.connect()
  File "/home/varshatr/virtualenv/tmsapplication/3.11/lib/python3.11/site-packages/pymysql/connections.py", line 681, in connect
    self._request_authentication()
  File "/home/varshatr/virtualenv/tmsapplication/3.11/lib/python3.11/site-packages/pymysql/connections.py", line 958, in _request_authentication
    auth_packet = self._read_packet()
                  ^^^^^^^^^^^^^^^^^^^
  File "/home/varshatr/virtualenv/tmsapplication/3.11/lib/python3.11/site-packages/pymysql/connections.py", line 782, in _read_packet
    packet.raise_for_error()
  File "/home/varshatr/virtualenv/tmsapplication/3.11/lib/python3.11/site-packages/pymysql/protocol.py", line 219, in raise_for_error
    err.raise_mysql_exception(self._data)
  File "/home/varshatr/virtualenv/tmsapplication/3.11/lib/python3.11/site-packages/pymysql/err.py", line 150, in raise_mysql_exception
    raise errorclass(errno, errval)
pymysql.err.OperationalError: (1044, "Access denied for user 'varshatr_admin'@'%' to database 'varshatr_tms'")

The above exception was the direct cause of the following exception:

Traceback (most recent call last):
  File "/home/varshatr/virtualenv/tmsapplication/3.11/lib/python3.11/site-packages/django/core/handlers/exception.py", line 55, in inner
    response = get_response(request)
               ^^^^^^^^^^^^^^^^^^^^^
  File "/home/varshatr/virtualenv/tmsapplication/3.11/lib/python3.11/site-packages/django/core/handlers/base.py", line 197, in _get_response
    response = wrapped_callback(request, *callback_args, **callback_kwargs)
               ^^^^^^^^^^^^^^^^^^^^^^^^^^^^^^^^^^^^^^^^^^^^^^^^^^^^^^^^^^^^
  File "/home/varshatr/tmsapplication/main/views.py", line 190, in user_login
    user = authenticate(request, username=username, password=password)
           ^^^^^^^^^^^^^^^^^^^^^^^^^^^^^^^^^^^^^^^^^^^^^^^^^^^^^^^^^^^
  File "/home/varshatr/virtualenv/tmsapplication/3.11/lib/python3.11/site-packages/django/views/decorators/debug.py", line 75, in sensitive_variables_wrapper
    return func(*func_args, **func_kwargs)
           ^^^^^^^^^^^^^^^^^^^^^^^^^^^^^^^
  File "/home/varshatr/virtualenv/tmsapplication/3.11/lib/python3.11/site-packages/django/contrib/auth/__init__.py", line 114, in authenticate
    user = backend.authenticate(request, **credentials)
           ^^^^^^^^^^^^^^^^^^^^^^^^^^^^^^^^^^^^^^^^^^^^
  File "/home/varshatr/virtualenv/tmsapplication/3.11/lib/python3.11/site-packages/django/contrib/auth/backends.py", line 65, in authenticate
    user = UserModel._default_manager.get_by_natural_key(username)
           ^^^^^^^^^^^^^^^^^^^^^^^^^^^^^^^^^^^^^^^^^^^^^^^^^^^^^^^
  File "/home/varshatr/virtualenv/tmsapplication/3.11/lib/python3.11/site-packages/django/contrib/auth/base_user.py", line 37, in get_by_natural_key
    return self.get(**{self.model.USERNAME_FIELD: username})
           ^^^^^^^^^^^^^^^^^^^^^^^^^^^^^^^^^^^^^^^^^^^^^^^^^
  File "/home/varshatr/virtualenv/tmsapplication/3.11/lib/python3.11/site-packages/django/db/models/manager.py", line 87, in manager_method
    return getattr(self.get_queryset(), name)(*args, **kwargs)
           ^^^^^^^^^^^^^^^^^^^^^^^^^^^^^^^^^^^^^^^^^^^^^^^^^^^
  File "/home/varshatr/virtualenv/tmsapplication/3.11/lib/python3.11/site-packages/django/db/models/query.py", line 629, in get
    num = len(clone)
          ^^^^^^^^^^
  File "/home/varshatr/virtualenv/tmsapplication/3.11/lib/python3.11/site-packages/django/db/models/query.py", line 366, in __len__
    self._fetch_all()
  File "/home/varshatr/virtualenv/tmsapplication/3.11/lib/python3.11/site-packages/django/db/models/query.py", line 1945, in _fetch_all
    self._result_cache = list(self._iterable_class(self))
                         ^^^^^^^^^^^^^^^^^^^^^^^^^^^^^^^^
  File "/home/varshatr/virtualenv/tmsapplication/3.11/lib/python3.11/site-packages/django/db/models/query.py", line 91, in __iter__
    results = compiler.execute_sql(
              ^^^^^^^^^^^^^^^^^^^^^
  File "/home/varshatr/virtualenv/tmsapplication/3.11/lib/python3.11/site-packages/django/db/models/sql/compiler.py", line 1621, in execute_sql
    cursor = self.connection.cursor()
             ^^^^^^^^^^^^^^^^^^^^^^^^
  File "/home/varshatr/virtualenv/tmsapplication/3.11/lib/python3.11/site-packages/django/utils/asyncio.py", line 26, in inner
    return func(*args, **kwargs)
           ^^^^^^^^^^^^^^^^^^^^^
  File "/home/varshatr/virtualenv/tmsapplication/3.11/lib/python3.11/site-packages/django/db/backends/base/base.py", line 320, in cursor
    return self._cursor()
           ^^^^^^^^^^^^^^
  File "/home/varshatr/virtualenv/tmsapplication/3.11/lib/python3.11/site-packages/django/db/backends/base/base.py", line 296, in _cursor
    self.ensure_connection()
  File "/home/varshatr/virtualenv/tmsapplication/3.11/lib/python3.11/site-packages/django/utils/asyncio.py", line 26, in inner
    return func(*args, **kwargs)
           ^^^^^^^^^^^^^^^^^^^^^
  File "/home/varshatr/virtualenv/tmsapplication/3.11/lib/python3.11/site-packages/django/db/backends/base/base.py", line 278, in ensure_connection
    with self.wrap_database_errors:
  File "/home/varshatr/virtualenv/tmsapplication/3.11/lib/python3.11/site-packages/django/db/utils.py", line 91, in __exit__
    raise dj_exc_value.with_traceback(traceback) from exc_value
  File "/home/varshatr/virtualenv/tmsapplication/3.11/lib/python3.11/site-packages/django/db/backends/base/base.py", line 279, in ensure_connection
    self.connect()
  File "/home/varshatr/virtualenv/tmsapplication/3.11/lib/python3.11/site-packages/django/utils/asyncio.py", line 26, in inner
    return func(*args, **kwargs)
           ^^^^^^^^^^^^^^^^^^^^^
  File "/home/varshatr/virtualenv/tmsapplication/3.11/lib/python3.11/site-packages/django/db/backends/base/base.py", line 256, in connect
    self.connection = self.get_new_connection(conn_params)
                      ^^^^^^^^^^^^^^^^^^^^^^^^^^^^^^^^^^^^
  File "/home/varshatr/virtualenv/tmsapplication/3.11/lib/python3.11/site-packages/django/utils/asyncio.py", line 26, in inner
    return func(*args, **kwargs)
           ^^^^^^^^^^^^^^^^^^^^^
  File "/home/varshatr/virtualenv/tmsapplication/3.11/lib/python3.11/site-packages/django/db/backends/mysql/base.py", line 256, in get_new_connection
    connection = Database.connect(**conn_params)
                 ^^^^^^^^^^^^^^^^^^^^^^^^^^^^^^^
  File "/home/varshatr/virtualenv/tmsapplication/3.11/lib/python3.11/site-packages/pymysql/connections.py", line 365, in __init__
    self.connect()
  File "/home/varshatr/virtualenv/tmsapplication/3.11/lib/python3.11/site-packages/pymysql/connections.py", line 681, in connect
    self._request_authentication()
  File "/home/varshatr/virtualenv/tmsapplication/3.11/lib/python3.11/site-packages/pymysql/connections.py", line 958, in _request_authentication
    auth_packet = self._read_packet()
                  ^^^^^^^^^^^^^^^^^^^
  File "/home/varshatr/virtualenv/tmsapplication/3.11/lib/python3.11/site-packages/pymysql/connections.py", line 782, in _read_packet
    packet.raise_for_error()
  File "/home/varshatr/virtualenv/tmsapplication/3.11/lib/python3.11/site-packages/pymysql/protocol.py", line 219, in raise_for_error
    err.raise_mysql_exception(self._data)
  File "/home/varshatr/virtualenv/tmsapplication/3.11/lib/python3.11/site-packages/pymysql/err.py", line 150, in raise_mysql_exception
    raise errorclass(errno, errval)
django.db.utils.OperationalError: (1044, "Access denied for user 'varshatr_admin'@'%' to database 'varshatr_tms'")
Internal Server Error: /login/
Traceback (most recent call last):
  File "/home/varshatr/virtualenv/tmsapplication/3.11/lib/python3.11/site-packages/django/db/backends/base/base.py", line 279, in ensure_connection
    self.connect()
  File "/home/varshatr/virtualenv/tmsapplication/3.11/lib/python3.11/site-packages/django/utils/asyncio.py", line 26, in inner
    return func(*args, **kwargs)
           ^^^^^^^^^^^^^^^^^^^^^
  File "/home/varshatr/virtualenv/tmsapplication/3.11/lib/python3.11/site-packages/django/db/backends/base/base.py", line 256, in connect
    self.connection = self.get_new_connection(conn_params)
                      ^^^^^^^^^^^^^^^^^^^^^^^^^^^^^^^^^^^^
  File "/home/varshatr/virtualenv/tmsapplication/3.11/lib/python3.11/site-packages/django/utils/asyncio.py", line 26, in inner
    return func(*args, **kwargs)
           ^^^^^^^^^^^^^^^^^^^^^
  File "/home/varshatr/virtualenv/tmsapplication/3.11/lib/python3.11/site-packages/django/db/backends/mysql/base.py", line 256, in get_new_connection
    connection = Database.connect(**conn_params)
                 ^^^^^^^^^^^^^^^^^^^^^^^^^^^^^^^
  File "/home/varshatr/virtualenv/tmsapplication/3.11/lib/python3.11/site-packages/pymysql/connections.py", line 365, in __init__
    self.connect()
  File "/home/varshatr/virtualenv/tmsapplication/3.11/lib/python3.11/site-packages/pymysql/connections.py", line 681, in connect
    self._request_authentication()
  File "/home/varshatr/virtualenv/tmsapplication/3.11/lib/python3.11/site-packages/pymysql/connections.py", line 958, in _request_authentication
    auth_packet = self._read_packet()
                  ^^^^^^^^^^^^^^^^^^^
  File "/home/varshatr/virtualenv/tmsapplication/3.11/lib/python3.11/site-packages/pymysql/connections.py", line 782, in _read_packet
    packet.raise_for_error()
  File "/home/varshatr/virtualenv/tmsapplication/3.11/lib/python3.11/site-packages/pymysql/protocol.py", line 219, in raise_for_error
    err.raise_mysql_exception(self._data)
  File "/home/varshatr/virtualenv/tmsapplication/3.11/lib/python3.11/site-packages/pymysql/err.py", line 150, in raise_mysql_exception
    raise errorclass(errno, errval)
pymysql.err.OperationalError: (1044, "Access denied for user 'varshatr_admin'@'%' to database 'varshatr_tms'")

The above exception was the direct cause of the following exception:

Traceback (most recent call last):
  File "/home/varshatr/virtualenv/tmsapplication/3.11/lib/python3.11/site-packages/django/core/handlers/exception.py", line 55, in inner
    response = get_response(request)
               ^^^^^^^^^^^^^^^^^^^^^
  File "/home/varshatr/virtualenv/tmsapplication/3.11/lib/python3.11/site-packages/django/core/handlers/base.py", line 197, in _get_response
    response = wrapped_callback(request, *callback_args, **callback_kwargs)
               ^^^^^^^^^^^^^^^^^^^^^^^^^^^^^^^^^^^^^^^^^^^^^^^^^^^^^^^^^^^^
  File "/home/varshatr/tmsapplication/main/views.py", line 190, in user_login
    user = authenticate(request, username=username, password=password)
           ^^^^^^^^^^^^^^^^^^^^^^^^^^^^^^^^^^^^^^^^^^^^^^^^^^^^^^^^^^^
  File "/home/varshatr/virtualenv/tmsapplication/3.11/lib/python3.11/site-packages/django/views/decorators/debug.py", line 75, in sensitive_variables_wrapper
    return func(*func_args, **func_kwargs)
           ^^^^^^^^^^^^^^^^^^^^^^^^^^^^^^^
  File "/home/varshatr/virtualenv/tmsapplication/3.11/lib/python3.11/site-packages/django/contrib/auth/__init__.py", line 114, in authenticate
    user = backend.authenticate(request, **credentials)
           ^^^^^^^^^^^^^^^^^^^^^^^^^^^^^^^^^^^^^^^^^^^^
  File "/home/varshatr/virtualenv/tmsapplication/3.11/lib/python3.11/site-packages/django/contrib/auth/backends.py", line 65, in authenticate
    user = UserModel._default_manager.get_by_natural_key(username)
           ^^^^^^^^^^^^^^^^^^^^^^^^^^^^^^^^^^^^^^^^^^^^^^^^^^^^^^^
  File "/home/varshatr/virtualenv/tmsapplication/3.11/lib/python3.11/site-packages/django/contrib/auth/base_user.py", line 37, in get_by_natural_key
    return self.get(**{self.model.USERNAME_FIELD: username})
           ^^^^^^^^^^^^^^^^^^^^^^^^^^^^^^^^^^^^^^^^^^^^^^^^^
  File "/home/varshatr/virtualenv/tmsapplication/3.11/lib/python3.11/site-packages/django/db/models/manager.py", line 87, in manager_method
    return getattr(self.get_queryset(), name)(*args, **kwargs)
           ^^^^^^^^^^^^^^^^^^^^^^^^^^^^^^^^^^^^^^^^^^^^^^^^^^^
  File "/home/varshatr/virtualenv/tmsapplication/3.11/lib/python3.11/site-packages/django/db/models/query.py", line 629, in get
    num = len(clone)
          ^^^^^^^^^^
  File "/home/varshatr/virtualenv/tmsapplication/3.11/lib/python3.11/site-packages/django/db/models/query.py", line 366, in __len__
    self._fetch_all()
  File "/home/varshatr/virtualenv/tmsapplication/3.11/lib/python3.11/site-packages/django/db/models/query.py", line 1945, in _fetch_all
    self._result_cache = list(self._iterable_class(self))
                         ^^^^^^^^^^^^^^^^^^^^^^^^^^^^^^^^
  File "/home/varshatr/virtualenv/tmsapplication/3.11/lib/python3.11/site-packages/django/db/models/query.py", line 91, in __iter__
    results = compiler.execute_sql(
              ^^^^^^^^^^^^^^^^^^^^^
  File "/home/varshatr/virtualenv/tmsapplication/3.11/lib/python3.11/site-packages/django/db/models/sql/compiler.py", line 1621, in execute_sql
    cursor = self.connection.cursor()
             ^^^^^^^^^^^^^^^^^^^^^^^^
  File "/home/varshatr/virtualenv/tmsapplication/3.11/lib/python3.11/site-packages/django/utils/asyncio.py", line 26, in inner
    return func(*args, **kwargs)
           ^^^^^^^^^^^^^^^^^^^^^
  File "/home/varshatr/virtualenv/tmsapplication/3.11/lib/python3.11/site-packages/django/db/backends/base/base.py", line 320, in cursor
    return self._cursor()
           ^^^^^^^^^^^^^^
  File "/home/varshatr/virtualenv/tmsapplication/3.11/lib/python3.11/site-packages/django/db/backends/base/base.py", line 296, in _cursor
    self.ensure_connection()
  File "/home/varshatr/virtualenv/tmsapplication/3.11/lib/python3.11/site-packages/django/utils/asyncio.py", line 26, in inner
    return func(*args, **kwargs)
           ^^^^^^^^^^^^^^^^^^^^^
  File "/home/varshatr/virtualenv/tmsapplication/3.11/lib/python3.11/site-packages/django/db/backends/base/base.py", line 278, in ensure_connection
    with self.wrap_database_errors:
  File "/home/varshatr/virtualenv/tmsapplication/3.11/lib/python3.11/site-packages/django/db/utils.py", line 91, in __exit__
    raise dj_exc_value.with_traceback(traceback) from exc_value
  File "/home/varshatr/virtualenv/tmsapplication/3.11/lib/python3.11/site-packages/django/db/backends/base/base.py", line 279, in ensure_connection
    self.connect()
  File "/home/varshatr/virtualenv/tmsapplication/3.11/lib/python3.11/site-packages/django/utils/asyncio.py", line 26, in inner
    return func(*args, **kwargs)
           ^^^^^^^^^^^^^^^^^^^^^
  File "/home/varshatr/virtualenv/tmsapplication/3.11/lib/python3.11/site-packages/django/db/backends/base/base.py", line 256, in connect
    self.connection = self.get_new_connection(conn_params)
                      ^^^^^^^^^^^^^^^^^^^^^^^^^^^^^^^^^^^^
  File "/home/varshatr/virtualenv/tmsapplication/3.11/lib/python3.11/site-packages/django/utils/asyncio.py", line 26, in inner
    return func(*args, **kwargs)
           ^^^^^^^^^^^^^^^^^^^^^
  File "/home/varshatr/virtualenv/tmsapplication/3.11/lib/python3.11/site-packages/django/db/backends/mysql/base.py", line 256, in get_new_connection
    connection = Database.connect(**conn_params)
                 ^^^^^^^^^^^^^^^^^^^^^^^^^^^^^^^
  File "/home/varshatr/virtualenv/tmsapplication/3.11/lib/python3.11/site-packages/pymysql/connections.py", line 365, in __init__
    self.connect()
  File "/home/varshatr/virtualenv/tmsapplication/3.11/lib/python3.11/site-packages/pymysql/connections.py", line 681, in connect
    self._request_authentication()
  File "/home/varshatr/virtualenv/tmsapplication/3.11/lib/python3.11/site-packages/pymysql/connections.py", line 958, in _request_authentication
    auth_packet = self._read_packet()
                  ^^^^^^^^^^^^^^^^^^^
  File "/home/varshatr/virtualenv/tmsapplication/3.11/lib/python3.11/site-packages/pymysql/connections.py", line 782, in _read_packet
    packet.raise_for_error()
  File "/home/varshatr/virtualenv/tmsapplication/3.11/lib/python3.11/site-packages/pymysql/protocol.py", line 219, in raise_for_error
    err.raise_mysql_exception(self._data)
  File "/home/varshatr/virtualenv/tmsapplication/3.11/lib/python3.11/site-packages/pymysql/err.py", line 150, in raise_mysql_exception
    raise errorclass(errno, errval)
django.db.utils.OperationalError: (1044, "Access denied for user 'varshatr_admin'@'%' to database 'varshatr_tms'")
Internal Server Error: /login/
Traceback (most recent call last):
  File "/home/varshatr/virtualenv/tmsapplication/3.11/lib/python3.11/site-packages/django/db/backends/base/base.py", line 279, in ensure_connection
    self.connect()
  File "/home/varshatr/virtualenv/tmsapplication/3.11/lib/python3.11/site-packages/django/utils/asyncio.py", line 26, in inner
    return func(*args, **kwargs)
           ^^^^^^^^^^^^^^^^^^^^^
  File "/home/varshatr/virtualenv/tmsapplication/3.11/lib/python3.11/site-packages/django/db/backends/base/base.py", line 256, in connect
    self.connection = self.get_new_connection(conn_params)
                      ^^^^^^^^^^^^^^^^^^^^^^^^^^^^^^^^^^^^
  File "/home/varshatr/virtualenv/tmsapplication/3.11/lib/python3.11/site-packages/django/utils/asyncio.py", line 26, in inner
    return func(*args, **kwargs)
           ^^^^^^^^^^^^^^^^^^^^^
  File "/home/varshatr/virtualenv/tmsapplication/3.11/lib/python3.11/site-packages/django/db/backends/mysql/base.py", line 256, in get_new_connection
    connection = Database.connect(**conn_params)
                 ^^^^^^^^^^^^^^^^^^^^^^^^^^^^^^^
  File "/home/varshatr/virtualenv/tmsapplication/3.11/lib/python3.11/site-packages/pymysql/connections.py", line 365, in __init__
    self.connect()
  File "/home/varshatr/virtualenv/tmsapplication/3.11/lib/python3.11/site-packages/pymysql/connections.py", line 681, in connect
    self._request_authentication()
  File "/home/varshatr/virtualenv/tmsapplication/3.11/lib/python3.11/site-packages/pymysql/connections.py", line 958, in _request_authentication
    auth_packet = self._read_packet()
                  ^^^^^^^^^^^^^^^^^^^
  File "/home/varshatr/virtualenv/tmsapplication/3.11/lib/python3.11/site-packages/pymysql/connections.py", line 782, in _read_packet
    packet.raise_for_error()
  File "/home/varshatr/virtualenv/tmsapplication/3.11/lib/python3.11/site-packages/pymysql/protocol.py", line 219, in raise_for_error
    err.raise_mysql_exception(self._data)
  File "/home/varshatr/virtualenv/tmsapplication/3.11/lib/python3.11/site-packages/pymysql/err.py", line 150, in raise_mysql_exception
    raise errorclass(errno, errval)
pymysql.err.OperationalError: (1044, "Access denied for user 'varshatr_admin'@'%' to database 'varshatr_tms'")

The above exception was the direct cause of the following exception:

Traceback (most recent call last):
  File "/home/varshatr/virtualenv/tmsapplication/3.11/lib/python3.11/site-packages/django/core/handlers/exception.py", line 55, in inner
    response = get_response(request)
               ^^^^^^^^^^^^^^^^^^^^^
  File "/home/varshatr/virtualenv/tmsapplication/3.11/lib/python3.11/site-packages/django/core/handlers/base.py", line 197, in _get_response
    response = wrapped_callback(request, *callback_args, **callback_kwargs)
               ^^^^^^^^^^^^^^^^^^^^^^^^^^^^^^^^^^^^^^^^^^^^^^^^^^^^^^^^^^^^
  File "/home/varshatr/tmsapplication/main/views.py", line 190, in user_login
    user = authenticate(request, username=username, password=password)
           ^^^^^^^^^^^^^^^^^^^^^^^^^^^^^^^^^^^^^^^^^^^^^^^^^^^^^^^^^^^
  File "/home/varshatr/virtualenv/tmsapplication/3.11/lib/python3.11/site-packages/django/views/decorators/debug.py", line 75, in sensitive_variables_wrapper
    return func(*func_args, **func_kwargs)
           ^^^^^^^^^^^^^^^^^^^^^^^^^^^^^^^
  File "/home/varshatr/virtualenv/tmsapplication/3.11/lib/python3.11/site-packages/django/contrib/auth/__init__.py", line 114, in authenticate
    user = backend.authenticate(request, **credentials)
           ^^^^^^^^^^^^^^^^^^^^^^^^^^^^^^^^^^^^^^^^^^^^
  File "/home/varshatr/virtualenv/tmsapplication/3.11/lib/python3.11/site-packages/django/contrib/auth/backends.py", line 65, in authenticate
    user = UserModel._default_manager.get_by_natural_key(username)
           ^^^^^^^^^^^^^^^^^^^^^^^^^^^^^^^^^^^^^^^^^^^^^^^^^^^^^^^
  File "/home/varshatr/virtualenv/tmsapplication/3.11/lib/python3.11/site-packages/django/contrib/auth/base_user.py", line 37, in get_by_natural_key
    return self.get(**{self.model.USERNAME_FIELD: username})
           ^^^^^^^^^^^^^^^^^^^^^^^^^^^^^^^^^^^^^^^^^^^^^^^^^
  File "/home/varshatr/virtualenv/tmsapplication/3.11/lib/python3.11/site-packages/django/db/models/manager.py", line 87, in manager_method
    return getattr(self.get_queryset(), name)(*args, **kwargs)
           ^^^^^^^^^^^^^^^^^^^^^^^^^^^^^^^^^^^^^^^^^^^^^^^^^^^
  File "/home/varshatr/virtualenv/tmsapplication/3.11/lib/python3.11/site-packages/django/db/models/query.py", line 629, in get
    num = len(clone)
          ^^^^^^^^^^
  File "/home/varshatr/virtualenv/tmsapplication/3.11/lib/python3.11/site-packages/django/db/models/query.py", line 366, in __len__
    self._fetch_all()
  File "/home/varshatr/virtualenv/tmsapplication/3.11/lib/python3.11/site-packages/django/db/models/query.py", line 1945, in _fetch_all
    self._result_cache = list(self._iterable_class(self))
                         ^^^^^^^^^^^^^^^^^^^^^^^^^^^^^^^^
  File "/home/varshatr/virtualenv/tmsapplication/3.11/lib/python3.11/site-packages/django/db/models/query.py", line 91, in __iter__
    results = compiler.execute_sql(
              ^^^^^^^^^^^^^^^^^^^^^
  File "/home/varshatr/virtualenv/tmsapplication/3.11/lib/python3.11/site-packages/django/db/models/sql/compiler.py", line 1621, in execute_sql
    cursor = self.connection.cursor()
             ^^^^^^^^^^^^^^^^^^^^^^^^
  File "/home/varshatr/virtualenv/tmsapplication/3.11/lib/python3.11/site-packages/django/utils/asyncio.py", line 26, in inner
    return func(*args, **kwargs)
           ^^^^^^^^^^^^^^^^^^^^^
  File "/home/varshatr/virtualenv/tmsapplication/3.11/lib/python3.11/site-packages/django/db/backends/base/base.py", line 320, in cursor
    return self._cursor()
           ^^^^^^^^^^^^^^
  File "/home/varshatr/virtualenv/tmsapplication/3.11/lib/python3.11/site-packages/django/db/backends/base/base.py", line 296, in _cursor
    self.ensure_connection()
  File "/home/varshatr/virtualenv/tmsapplication/3.11/lib/python3.11/site-packages/django/utils/asyncio.py", line 26, in inner
    return func(*args, **kwargs)
           ^^^^^^^^^^^^^^^^^^^^^
  File "/home/varshatr/virtualenv/tmsapplication/3.11/lib/python3.11/site-packages/django/db/backends/base/base.py", line 278, in ensure_connection
    with self.wrap_database_errors:
  File "/home/varshatr/virtualenv/tmsapplication/3.11/lib/python3.11/site-packages/django/db/utils.py", line 91, in __exit__
    raise dj_exc_value.with_traceback(traceback) from exc_value
  File "/home/varshatr/virtualenv/tmsapplication/3.11/lib/python3.11/site-packages/django/db/backends/base/base.py", line 279, in ensure_connection
    self.connect()
  File "/home/varshatr/virtualenv/tmsapplication/3.11/lib/python3.11/site-packages/django/utils/asyncio.py", line 26, in inner
    return func(*args, **kwargs)
           ^^^^^^^^^^^^^^^^^^^^^
  File "/home/varshatr/virtualenv/tmsapplication/3.11/lib/python3.11/site-packages/django/db/backends/base/base.py", line 256, in connect
    self.connection = self.get_new_connection(conn_params)
                      ^^^^^^^^^^^^^^^^^^^^^^^^^^^^^^^^^^^^
  File "/home/varshatr/virtualenv/tmsapplication/3.11/lib/python3.11/site-packages/django/utils/asyncio.py", line 26, in inner
    return func(*args, **kwargs)
           ^^^^^^^^^^^^^^^^^^^^^
  File "/home/varshatr/virtualenv/tmsapplication/3.11/lib/python3.11/site-packages/django/db/backends/mysql/base.py", line 256, in get_new_connection
    connection = Database.connect(**conn_params)
                 ^^^^^^^^^^^^^^^^^^^^^^^^^^^^^^^
  File "/home/varshatr/virtualenv/tmsapplication/3.11/lib/python3.11/site-packages/pymysql/connections.py", line 365, in __init__
    self.connect()
  File "/home/varshatr/virtualenv/tmsapplication/3.11/lib/python3.11/site-packages/pymysql/connections.py", line 681, in connect
    self._request_authentication()
  File "/home/varshatr/virtualenv/tmsapplication/3.11/lib/python3.11/site-packages/pymysql/connections.py", line 958, in _request_authentication
    auth_packet = self._read_packet()
                  ^^^^^^^^^^^^^^^^^^^
  File "/home/varshatr/virtualenv/tmsapplication/3.11/lib/python3.11/site-packages/pymysql/connections.py", line 782, in _read_packet
    packet.raise_for_error()
  File "/home/varshatr/virtualenv/tmsapplication/3.11/lib/python3.11/site-packages/pymysql/protocol.py", line 219, in raise_for_error
    err.raise_mysql_exception(self._data)
  File "/home/varshatr/virtualenv/tmsapplication/3.11/lib/python3.11/site-packages/pymysql/err.py", line 150, in raise_mysql_exception
    raise errorclass(errno, errval)
django.db.utils.OperationalError: (1044, "Access denied for user 'varshatr_admin'@'%' to database 'varshatr_tms'")
Internal Server Error: /login/
Traceback (most recent call last):
  File "/home/varshatr/virtualenv/tmsapplication/3.11/lib/python3.11/site-packages/django/db/backends/base/base.py", line 279, in ensure_connection
    self.connect()
  File "/home/varshatr/virtualenv/tmsapplication/3.11/lib/python3.11/site-packages/django/utils/asyncio.py", line 26, in inner
    return func(*args, **kwargs)
           ^^^^^^^^^^^^^^^^^^^^^
  File "/home/varshatr/virtualenv/tmsapplication/3.11/lib/python3.11/site-packages/django/db/backends/base/base.py", line 256, in connect
    self.connection = self.get_new_connection(conn_params)
                      ^^^^^^^^^^^^^^^^^^^^^^^^^^^^^^^^^^^^
  File "/home/varshatr/virtualenv/tmsapplication/3.11/lib/python3.11/site-packages/django/utils/asyncio.py", line 26, in inner
    return func(*args, **kwargs)
           ^^^^^^^^^^^^^^^^^^^^^
  File "/home/varshatr/virtualenv/tmsapplication/3.11/lib/python3.11/site-packages/django/db/backends/mysql/base.py", line 256, in get_new_connection
    connection = Database.connect(**conn_params)
                 ^^^^^^^^^^^^^^^^^^^^^^^^^^^^^^^
  File "/home/varshatr/virtualenv/tmsapplication/3.11/lib/python3.11/site-packages/pymysql/connections.py", line 365, in __init__
    self.connect()
  File "/home/varshatr/virtualenv/tmsapplication/3.11/lib/python3.11/site-packages/pymysql/connections.py", line 681, in connect
    self._request_authentication()
  File "/home/varshatr/virtualenv/tmsapplication/3.11/lib/python3.11/site-packages/pymysql/connections.py", line 958, in _request_authentication
    auth_packet = self._read_packet()
                  ^^^^^^^^^^^^^^^^^^^
  File "/home/varshatr/virtualenv/tmsapplication/3.11/lib/python3.11/site-packages/pymysql/connections.py", line 782, in _read_packet
    packet.raise_for_error()
  File "/home/varshatr/virtualenv/tmsapplication/3.11/lib/python3.11/site-packages/pymysql/protocol.py", line 219, in raise_for_error
    err.raise_mysql_exception(self._data)
  File "/home/varshatr/virtualenv/tmsapplication/3.11/lib/python3.11/site-packages/pymysql/err.py", line 150, in raise_mysql_exception
    raise errorclass(errno, errval)
pymysql.err.OperationalError: (1044, "Access denied for user 'varshatr_admin1'@'%' to database 'varshatr_tms'")

The above exception was the direct cause of the following exception:

Traceback (most recent call last):
  File "/home/varshatr/virtualenv/tmsapplication/3.11/lib/python3.11/site-packages/django/core/handlers/exception.py", line 55, in inner
    response = get_response(request)
               ^^^^^^^^^^^^^^^^^^^^^
  File "/home/varshatr/virtualenv/tmsapplication/3.11/lib/python3.11/site-packages/django/core/handlers/base.py", line 197, in _get_response
    response = wrapped_callback(request, *callback_args, **callback_kwargs)
               ^^^^^^^^^^^^^^^^^^^^^^^^^^^^^^^^^^^^^^^^^^^^^^^^^^^^^^^^^^^^
  File "/home/varshatr/tmsapplication/main/views.py", line 190, in user_login
    user = authenticate(request, username=username, password=password)
           ^^^^^^^^^^^^^^^^^^^^^^^^^^^^^^^^^^^^^^^^^^^^^^^^^^^^^^^^^^^
  File "/home/varshatr/virtualenv/tmsapplication/3.11/lib/python3.11/site-packages/django/views/decorators/debug.py", line 75, in sensitive_variables_wrapper
    return func(*func_args, **func_kwargs)
           ^^^^^^^^^^^^^^^^^^^^^^^^^^^^^^^
  File "/home/varshatr/virtualenv/tmsapplication/3.11/lib/python3.11/site-packages/django/contrib/auth/__init__.py", line 114, in authenticate
    user = backend.authenticate(request, **credentials)
           ^^^^^^^^^^^^^^^^^^^^^^^^^^^^^^^^^^^^^^^^^^^^
  File "/home/varshatr/virtualenv/tmsapplication/3.11/lib/python3.11/site-packages/django/contrib/auth/backends.py", line 65, in authenticate
    user = UserModel._default_manager.get_by_natural_key(username)
           ^^^^^^^^^^^^^^^^^^^^^^^^^^^^^^^^^^^^^^^^^^^^^^^^^^^^^^^
  File "/home/varshatr/virtualenv/tmsapplication/3.11/lib/python3.11/site-packages/django/contrib/auth/base_user.py", line 37, in get_by_natural_key
    return self.get(**{self.model.USERNAME_FIELD: username})
           ^^^^^^^^^^^^^^^^^^^^^^^^^^^^^^^^^^^^^^^^^^^^^^^^^
  File "/home/varshatr/virtualenv/tmsapplication/3.11/lib/python3.11/site-packages/django/db/models/manager.py", line 87, in manager_method
    return getattr(self.get_queryset(), name)(*args, **kwargs)
           ^^^^^^^^^^^^^^^^^^^^^^^^^^^^^^^^^^^^^^^^^^^^^^^^^^^
  File "/home/varshatr/virtualenv/tmsapplication/3.11/lib/python3.11/site-packages/django/db/models/query.py", line 629, in get
    num = len(clone)
          ^^^^^^^^^^
  File "/home/varshatr/virtualenv/tmsapplication/3.11/lib/python3.11/site-packages/django/db/models/query.py", line 366, in __len__
    self._fetch_all()
  File "/home/varshatr/virtualenv/tmsapplication/3.11/lib/python3.11/site-packages/django/db/models/query.py", line 1945, in _fetch_all
    self._result_cache = list(self._iterable_class(self))
                         ^^^^^^^^^^^^^^^^^^^^^^^^^^^^^^^^
  File "/home/varshatr/virtualenv/tmsapplication/3.11/lib/python3.11/site-packages/django/db/models/query.py", line 91, in __iter__
    results = compiler.execute_sql(
              ^^^^^^^^^^^^^^^^^^^^^
  File "/home/varshatr/virtualenv/tmsapplication/3.11/lib/python3.11/site-packages/django/db/models/sql/compiler.py", line 1621, in execute_sql
    cursor = self.connection.cursor()
             ^^^^^^^^^^^^^^^^^^^^^^^^
  File "/home/varshatr/virtualenv/tmsapplication/3.11/lib/python3.11/site-packages/django/utils/asyncio.py", line 26, in inner
    return func(*args, **kwargs)
           ^^^^^^^^^^^^^^^^^^^^^
  File "/home/varshatr/virtualenv/tmsapplication/3.11/lib/python3.11/site-packages/django/db/backends/base/base.py", line 320, in cursor
    return self._cursor()
           ^^^^^^^^^^^^^^
  File "/home/varshatr/virtualenv/tmsapplication/3.11/lib/python3.11/site-packages/django/db/backends/base/base.py", line 296, in _cursor
    self.ensure_connection()
  File "/home/varshatr/virtualenv/tmsapplication/3.11/lib/python3.11/site-packages/django/utils/asyncio.py", line 26, in inner
    return func(*args, **kwargs)
           ^^^^^^^^^^^^^^^^^^^^^
  File "/home/varshatr/virtualenv/tmsapplication/3.11/lib/python3.11/site-packages/django/db/backends/base/base.py", line 278, in ensure_connection
    with self.wrap_database_errors:
  File "/home/varshatr/virtualenv/tmsapplication/3.11/lib/python3.11/site-packages/django/db/utils.py", line 91, in __exit__
    raise dj_exc_value.with_traceback(traceback) from exc_value
  File "/home/varshatr/virtualenv/tmsapplication/3.11/lib/python3.11/site-packages/django/db/backends/base/base.py", line 279, in ensure_connection
    self.connect()
  File "/home/varshatr/virtualenv/tmsapplication/3.11/lib/python3.11/site-packages/django/utils/asyncio.py", line 26, in inner
    return func(*args, **kwargs)
           ^^^^^^^^^^^^^^^^^^^^^
  File "/home/varshatr/virtualenv/tmsapplication/3.11/lib/python3.11/site-packages/django/db/backends/base/base.py", line 256, in connect
    self.connection = self.get_new_connection(conn_params)
                      ^^^^^^^^^^^^^^^^^^^^^^^^^^^^^^^^^^^^
  File "/home/varshatr/virtualenv/tmsapplication/3.11/lib/python3.11/site-packages/django/utils/asyncio.py", line 26, in inner
    return func(*args, **kwargs)
           ^^^^^^^^^^^^^^^^^^^^^
  File "/home/varshatr/virtualenv/tmsapplication/3.11/lib/python3.11/site-packages/django/db/backends/mysql/base.py", line 256, in get_new_connection
    connection = Database.connect(**conn_params)
                 ^^^^^^^^^^^^^^^^^^^^^^^^^^^^^^^
  File "/home/varshatr/virtualenv/tmsapplication/3.11/lib/python3.11/site-packages/pymysql/connections.py", line 365, in __init__
    self.connect()
  File "/home/varshatr/virtualenv/tmsapplication/3.11/lib/python3.11/site-packages/pymysql/connections.py", line 681, in connect
    self._request_authentication()
  File "/home/varshatr/virtualenv/tmsapplication/3.11/lib/python3.11/site-packages/pymysql/connections.py", line 958, in _request_authentication
    auth_packet = self._read_packet()
                  ^^^^^^^^^^^^^^^^^^^
  File "/home/varshatr/virtualenv/tmsapplication/3.11/lib/python3.11/site-packages/pymysql/connections.py", line 782, in _read_packet
    packet.raise_for_error()
  File "/home/varshatr/virtualenv/tmsapplication/3.11/lib/python3.11/site-packages/pymysql/protocol.py", line 219, in raise_for_error
    err.raise_mysql_exception(self._data)
  File "/home/varshatr/virtualenv/tmsapplication/3.11/lib/python3.11/site-packages/pymysql/err.py", line 150, in raise_mysql_exception
    raise errorclass(errno, errval)
django.db.utils.OperationalError: (1044, "Access denied for user 'varshatr_admin1'@'%' to database 'varshatr_tms'")
Internal Server Error: /register/
Traceback (most recent call last):
  File "/home/varshatr/virtualenv/tmsapplication/3.11/lib/python3.11/site-packages/django/core/handlers/exception.py", line 55, in inner
    response = get_response(request)
               ^^^^^^^^^^^^^^^^^^^^^
  File "/home/varshatr/virtualenv/tmsapplication/3.11/lib/python3.11/site-packages/django/core/handlers/base.py", line 197, in _get_response
    response = wrapped_callback(request, *callback_args, **callback_kwargs)
               ^^^^^^^^^^^^^^^^^^^^^^^^^^^^^^^^^^^^^^^^^^^^^^^^^^^^^^^^^^^^
  File "/home/varshatr/tmsapplication/main/views.py", line 176, in register_user
    return render(request, 'register.html', {'form': form})
           ^^^^^^^^^^^^^^^^^^^^^^^^^^^^^^^^^^^^^^^^^^^^^^^^
  File "/home/varshatr/virtualenv/tmsapplication/3.11/lib/python3.11/site-packages/django/shortcuts.py", line 25, in render
    content = loader.render_to_string(template_name, context, request, using=using)
              ^^^^^^^^^^^^^^^^^^^^^^^^^^^^^^^^^^^^^^^^^^^^^^^^^^^^^^^^^^^^^^^^^^^^^
  File "/home/varshatr/virtualenv/tmsapplication/3.11/lib/python3.11/site-packages/django/template/loader.py", line 62, in render_to_string
    return template.render(context, request)
           ^^^^^^^^^^^^^^^^^^^^^^^^^^^^^^^^^
  File "/home/varshatr/virtualenv/tmsapplication/3.11/lib/python3.11/site-packages/django/template/backends/django.py", line 107, in render
    return self.template.render(context)
           ^^^^^^^^^^^^^^^^^^^^^^^^^^^^^
  File "/home/varshatr/virtualenv/tmsapplication/3.11/lib/python3.11/site-packages/django/template/base.py", line 171, in render
    return self._render(context)
           ^^^^^^^^^^^^^^^^^^^^^
  File "/home/varshatr/virtualenv/tmsapplication/3.11/lib/python3.11/site-packages/django/template/base.py", line 163, in _render
    return self.nodelist.render(context)
           ^^^^^^^^^^^^^^^^^^^^^^^^^^^^^
  File "/home/varshatr/virtualenv/tmsapplication/3.11/lib/python3.11/site-packages/django/template/base.py", line 1016, in render
    return SafeString("".join([node.render_annotated(context) for node in self]))
                              ^^^^^^^^^^^^^^^^^^^^^^^^^^^^^^^^^^^^^^^^^^^^^^^^^
  File "/home/varshatr/virtualenv/tmsapplication/3.11/lib/python3.11/site-packages/django/template/base.py", line 1016, in <listcomp>
    return SafeString("".join([node.render_annotated(context) for node in self]))
                               ^^^^^^^^^^^^^^^^^^^^^^^^^^^^^^
  File "/home/varshatr/virtualenv/tmsapplication/3.11/lib/python3.11/site-packages/django/template/base.py", line 977, in render_annotated
    return self.render(context)
           ^^^^^^^^^^^^^^^^^^^^
  File "/home/varshatr/virtualenv/tmsapplication/3.11/lib/python3.11/site-packages/django/template/defaulttags.py", line 480, in render
    url = reverse(view_name, args=args, kwargs=kwargs, current_app=current_app)
          ^^^^^^^^^^^^^^^^^^^^^^^^^^^^^^^^^^^^^^^^^^^^^^^^^^^^^^^^^^^^^^^^^^^^^
  File "/home/varshatr/virtualenv/tmsapplication/3.11/lib/python3.11/site-packages/django/urls/base.py", line 98, in reverse
    resolved_url = resolver._reverse_with_prefix(view, prefix, *args, **kwargs)
                   ^^^^^^^^^^^^^^^^^^^^^^^^^^^^^^^^^^^^^^^^^^^^^^^^^^^^^^^^^^^^
  File "/home/varshatr/virtualenv/tmsapplication/3.11/lib/python3.11/site-packages/django/urls/resolvers.py", line 831, in _reverse_with_prefix
    raise NoReverseMatch(msg)
django.urls.exceptions.NoReverseMatch: Reverse for 'register_user' not found. 'register_user' is not a valid view function or pattern name.
Internal Server Error: /register/
Traceback (most recent call last):
  File "/home/varshatr/virtualenv/tmsapplication/3.11/lib/python3.11/site-packages/django/core/handlers/exception.py", line 55, in inner
    response = get_response(request)
               ^^^^^^^^^^^^^^^^^^^^^
  File "/home/varshatr/virtualenv/tmsapplication/3.11/lib/python3.11/site-packages/django/core/handlers/base.py", line 197, in _get_response
    response = wrapped_callback(request, *callback_args, **callback_kwargs)
               ^^^^^^^^^^^^^^^^^^^^^^^^^^^^^^^^^^^^^^^^^^^^^^^^^^^^^^^^^^^^
  File "/home/varshatr/tmsapplication/main/views.py", line 176, in register_user
    return render(request, 'register.html', {'form': form})
           ^^^^^^^^^^^^^^^^^^^^^^^^^^^^^^^^^^^^^^^^^^^^^^^^
  File "/home/varshatr/virtualenv/tmsapplication/3.11/lib/python3.11/site-packages/django/shortcuts.py", line 25, in render
    content = loader.render_to_string(template_name, context, request, using=using)
              ^^^^^^^^^^^^^^^^^^^^^^^^^^^^^^^^^^^^^^^^^^^^^^^^^^^^^^^^^^^^^^^^^^^^^
  File "/home/varshatr/virtualenv/tmsapplication/3.11/lib/python3.11/site-packages/django/template/loader.py", line 62, in render_to_string
    return template.render(context, request)
           ^^^^^^^^^^^^^^^^^^^^^^^^^^^^^^^^^
  File "/home/varshatr/virtualenv/tmsapplication/3.11/lib/python3.11/site-packages/django/template/backends/django.py", line 107, in render
    return self.template.render(context)
           ^^^^^^^^^^^^^^^^^^^^^^^^^^^^^
  File "/home/varshatr/virtualenv/tmsapplication/3.11/lib/python3.11/site-packages/django/template/base.py", line 171, in render
    return self._render(context)
           ^^^^^^^^^^^^^^^^^^^^^
  File "/home/varshatr/virtualenv/tmsapplication/3.11/lib/python3.11/site-packages/django/template/base.py", line 163, in _render
    return self.nodelist.render(context)
           ^^^^^^^^^^^^^^^^^^^^^^^^^^^^^
  File "/home/varshatr/virtualenv/tmsapplication/3.11/lib/python3.11/site-packages/django/template/base.py", line 1016, in render
    return SafeString("".join([node.render_annotated(context) for node in self]))
                              ^^^^^^^^^^^^^^^^^^^^^^^^^^^^^^^^^^^^^^^^^^^^^^^^^
  File "/home/varshatr/virtualenv/tmsapplication/3.11/lib/python3.11/site-packages/django/template/base.py", line 1016, in <listcomp>
    return SafeString("".join([node.render_annotated(context) for node in self]))
                               ^^^^^^^^^^^^^^^^^^^^^^^^^^^^^^
  File "/home/varshatr/virtualenv/tmsapplication/3.11/lib/python3.11/site-packages/django/template/base.py", line 977, in render_annotated
    return self.render(context)
           ^^^^^^^^^^^^^^^^^^^^
  File "/home/varshatr/virtualenv/tmsapplication/3.11/lib/python3.11/site-packages/django/template/defaulttags.py", line 480, in render
    url = reverse(view_name, args=args, kwargs=kwargs, current_app=current_app)
          ^^^^^^^^^^^^^^^^^^^^^^^^^^^^^^^^^^^^^^^^^^^^^^^^^^^^^^^^^^^^^^^^^^^^^
  File "/home/varshatr/virtualenv/tmsapplication/3.11/lib/python3.11/site-packages/django/urls/base.py", line 98, in reverse
    resolved_url = resolver._reverse_with_prefix(view, prefix, *args, **kwargs)
                   ^^^^^^^^^^^^^^^^^^^^^^^^^^^^^^^^^^^^^^^^^^^^^^^^^^^^^^^^^^^^
  File "/home/varshatr/virtualenv/tmsapplication/3.11/lib/python3.11/site-packages/django/urls/resolvers.py", line 831, in _reverse_with_prefix
    raise NoReverseMatch(msg)
django.urls.exceptions.NoReverseMatch: Reverse for 'register_user' not found. 'register_user' is not a valid view function or pattern name.
